run_id,gap_nm,mode,coordinate_nm,fluid_area_m2,pressure_section_mean_Pa,Q_total_m3_s,Q_gap_m3_s,Q_recess_m3_s,recess_fraction_of_Q,periodic_section_pressure_gradient_Pa_m
sim_ec1xt240_right_angle_h75_dx5_a1e5_x_20260909,75,x,2.5,3e-14,-0.06035803301570316,2.9987864328631986e-18,1.7842682692844393e-18,1.2145181635787593e-18,0.40500322072591033,-24156114.268116653
sim_ec1xt240_right_angle_h75_dx5_a1e5_x_20260909,75,x,7.5,3e-14,-0.1812072422603766,2.9987864315785375e-18,1.7839495108091796e-18,1.2148369207693578e-18,0.4051095162951892,-24210597.027403608
sim_ec1xt240_right_angle_h75_dx5_a1e5_x_20260909,75,x,12.5,3e-14,-0.30246400328973927,2.99878643501188e-18,1.7833040856658045e-18,1.2154823493460754e-18,0.4053247457554476,-24329205.32176892
sim_ec1xt240_right_angle_h75_dx5_a1e5_x_20260909,75,x,17.5,3e-14,-0.4244992954780658,2.998786448642932e-18,1.782315914033461e-18,1.2164705346094705e-18,0.40565427230070716,-24527097.771565124
sim_ec1xt240_right_angle_h75_dx5_a1e5_x_20260909,75,x,22.5,3e-14,-0.5477349810053905,2.9987864515987896e-18,1.7809603194564264e-18,1.2178261321423633e-18,0.40610632060615215,-24840831.237534683
sim_ec1xt240_right_angle_h75_dx5_a1e5_x_20260909,75,x,27.5,3e-14,-0.6729076078534126,2.9987864522354358e-18,1.7792031769658935e-18,1.2195832752695422e-18,0.40669227192233304,-25305156.33275111
sim_ec1xt240_right_angle_h75_dx5_a1e5_x_20260909,75,x,32.5,3e-14,-0.8007865443329016,2.998786460932479e-18,1.7769999933079815e-18,1.2217864676244973e-18,0.4074269653880524,-26006217.941641808
sim_ec1xt240_right_angle_h75_dx5_a1e5_x_20260909,75,x,37.5,3e-14,-0.9329697872698307,2.998786467082937e-18,1.774294136794197e-18,1.22449233028874e-18,0.40832928377186595,-26988766.64539178
sim_ec1xt240_right_angle_h75_dx5_a1e5_x_20260909,75,x,42.5,3e-14,-1.0706742107868195,2.998786463695069e-18,1.7710152968447803e-18,1.2277711668502888e-18,0.4094226720422913,-28447316.492597252
sim_ec1xt240_right_angle_h75_dx5_a1e5_x_20260909,75,x,47.5,3e-14,-1.2174429521958032,2.9987864785880446e-18,1.7670764558715746e-18,1.2317100227164701e-18,0.4107361532777123,-30324641.456206635
sim_ec1xt240_right_angle_h75_dx5_a1e5_x_20260909,75,x,52.5,3e-14,-1.3739206253488858,2.998786480634408e-18,1.7623742675368704e-18,1.2364122130975375e-18,0.41230418406980696,-32950753.52986654
sim_ec1xt240_right_angle_h75_dx5_a1e5_x_20260909,75,x,57.5,3e-14,-1.5469504874944686,2.998786484545235e-18,1.7567982161381224e-18,1.2419882684071128e-18,0.4141636207872465,-235036346.25531378
sim_ec1xt240_right_angle_h75_dx5_a1e5_x_20260909,75,x,62.5,4.2000000000000004e-14,-3.724284087902024,2.9987864972948752e-18,1.7385126990120624e-18,1.2602737982828128e-18,0.4202612621537652,-187853721.54485613
sim_ec1xt240_right_angle_h75_dx5_a1e5_x_20260909,75,x,67.5,4.2000000000000004e-14,-3.42548770294303,2.9987864997004896e-18,1.7127197925219662e-18,1.2860667071785238e-18,0.4288623772672621,60356349.00842397
sim_ec1xt240_right_angle_h75_dx5_a1e5_x_20260909,75,x,72.5,4.2000000000000004e-14,-3.120720597817784,2.9987864975624443e-18,1.6860862339854068e-18,1.3127002635770379e-18,0.4377438222574574,61543262.863443
sim_ec1xt240_right_angle_h75_dx5_a1e5_x_20260909,75,x,77.5,4.2000000000000004e-14,-2.8100550743086,2.998786498172201e-18,1.6600413081505395e-18,1.338745190021662e-18,0.44642897746726695,62694768.72114907
sim_ec1xt240_right_angle_h75_dx5_a1e5_x_20260909,75,x,82.5,4.2000000000000004e-14,-2.4937729106062934,2.9987864940816957e-18,1.6354834735011536e-18,1.3633030205805419e-18,0.4546182341660905,63773687.510263376
sim_ec1xt240_right_angle_h75_dx5_a1e5_x_20260909,75,x,87.5,4.2000000000000004e-14,-2.172318199205966,2.998786488509997e-18,1.6130663154854118e-18,1.3857201730245851e-18,0.46209364298993694,64753559.57590398
sim_ec1xt240_right_angle_h75_dx5_a1e5_x_20260909,75,x,92.5,4.2000000000000004e-14,-1.8462373148472535,2.998786483006466e-18,1.593235630707568e-18,1.405550852298898e-18,0.4687065452188339,65616563.87079328
sim_ec1xt240_right_angle_h75_dx5_a1e5_x_20260909,75,x,97.5,4.2000000000000004e-14,-1.5161525604980333,2.998786478539106e-18,1.5763195258386988e-18,1.4224669527004075e-18,0.47434752786846596,66350011.71735071
sim_ec1xt240_right_angle_h75_dx5_a1e5_x_20260909,75,x,102.5,4.2000000000000004e-14,-1.1827371976737464,2.9987864621688123e-18,1.5625500320311403e-18,1.4362364301376719e-18,0.47893921366409753,66945185.03866026
sim_ec1xt240_right_angle_h75_dx5_a1e5_x_20260909,75,x,107.5,4.2000000000000004e-14,-0.8467007101114307,2.998786452050506e-18,1.552094082808253e-18,1.446692369242253e-18,0.4824259387503354,67395922.07152219
sim_ec1xt240_right_angle_h75_dx5_a1e5_x_20260909,75,x,112.5,4.2000000000000004e-14,-0.5087779769585246,2.998786444367574e-18,1.5450647820671294e-18,1.4537216623004448e-18,0.4847699858824145,67698226.24112877
sim_ec1xt240_right_angle_h75_dx5_a1e5_x_20260909,75,x,117.5,4.2000000000000004e-14,-0.16971844770014285,2.9987864406367137e-18,1.541533155750585e-18,1.4572532848861287e-18,0.4859476704105408,67849898.60263608
sim_ec1xt240_right_angle_h75_dx5_a1e5_x_20260909,75,x,122.5,4.2000000000000004e-14,0.16972100906783627,2.998786425351163e-18,1.5415331391523068e-18,1.4572532861988564e-18,0.4859476733252884,67849895.21439587
sim_ec1xt240_right_angle_h75_dx5_a1e5_x_20260909,75,x,127.5,4.2000000000000004e-14,0.5087805044438157,2.99878642057132e-18,1.5450647350462533e-18,1.4537216855250668e-18,0.4847699974738808,67698215.5672851
sim_ec1xt240_right_angle_h75_dx5_a1e5_x_20260909,75,x,132.5,4.2000000000000004e-14,0.8467031647406873,2.998786412351731e-18,1.5520940198712196e-18,1.4466923924805114e-18,0.48242595288604606,67395903.91516687
sim_ec1xt240_right_angle_h75_dx5_a1e5_x_20260909,75,x,137.5,4.2000000000000004e-14,1.1827395435954844,2.9987864044550232e-18,1.5625499438101542e-18,1.4362364606448686e-18,0.4789392330548062,66945159.24723376
sim_ec1xt240_right_angle_h75_dx5_a1e5_x_20260909,75,x,142.5,4.2000000000000004e-14,1.516154757213025,2.9987863883826683e-18,1.5763194121063863e-18,1.422466976276282e-18,0.4743475499912014,66349978.09217089
sim_ec1xt240_right_angle_h75_dx5_a1e5_x_20260909,75,x,147.5,4.2000000000000004e-14,1.8462393245171933,2.9987863845031274e-18,1.5932355019231182e-18,1.405550882580009e-18,0.4687065707125706,65616521.6153576
sim_ec1xt240_right_angle_h75_dx5_a1e5_x_20260909,75,x,152.5,4.2000000000000004e-14,2.172319973366601,2.9987863782660456e-18,1.6130661764691468e-18,1.3857202017968986e-18,0.4620936695724715,64753506.676781744
sim_ec1xt240_right_angle_h75_dx5_a1e5_x_20260909,75,x,157.5,4.2000000000000004e-14,2.4937743912850108,2.9987863626390165e-18,1.635483325344467e-18,1.36330303729455e-18,0.45461825966648883,63773625.02117951
sim_ec1xt240_right_angle_h75_dx5_a1e5_x_20260909,75,x,162.5,4.2000000000000004e-14,2.810056223578396,2.998786365362882e-18,1.6600411624494884e-18,1.338745202913394e-18,0.446429001537558,62694696.08508404
sim_ec1xt240_right_angle_h75_dx5_a1e5_x_20260909,75,x,167.5,4.2000000000000004e-14,3.1207213521358512,2.9987863643368586e-18,1.6860860969700299e-18,1.3127002673668287e-18,0.4377438429686587,61543180.651607975
sim_ec1xt240_right_angle_h75_dx5_a1e5_x_20260909,75,x,172.5,4.2000000000000004e-14,3.425488030094476,2.9987863685828512e-18,1.7127196667843238e-18,1.2860667017985273e-18,0.42886239422459727,60356261.99983417
sim_ec1xt240_right_angle_h75_dx5_a1e5_x_20260909,75,x,177.5,4.2000000000000004e-14,3.724283972134193,2.998786365168746e-18,1.738512590281971e-18,1.2602737748867747e-18,0.42026127286858506,-187854033.36868396
sim_ec1xt240_right_angle_h75_dx5_a1e5_x_20260909,75,x,182.5,3e-14,1.546947696407636,2.9987863810902127e-18,1.7567981272804903e-18,1.2419882538097226e-18,0.41416363020769625,-235036648.77514046
sim_ec1xt240_right_angle_h75_dx5_a1e5_x_20260909,75,x,187.5,3e-14,1.3739174843827884,2.9987863858423224e-18,1.7623741876832354e-18,1.2364121981590872e-18,0.41230419212130515,-32950815.002123512
sim_ec1xt240_right_angle_h75_dx5_a1e5_x_20260909,75,x,192.5,3e-14,1.217439546386401,2.9987863917085632e-18,1.767076383930544e-18,1.2317100077780197e-18,0.41073616019587544,-30324688.47433727
sim_ec1xt240_right_angle_h75_dx5_a1e5_x_20260909,75,x,197.5,3e-14,1.0706705996394157,2.9987863913447655e-18,1.7710152307245154e-18,1.2277711606202503e-18,0.4094226798427189,-28447352.334857002
sim_ec1xt240_right_angle_h75_dx5_a1e5_x_20260909,75,x,202.5,3e-14,0.9329660230378309,2.9987863993596878e-18,1.774294079268657e-18,1.2244923200910306e-18,0.40832928959277953,-26988793.412844338
sim_ec1xt240_right_angle_h75_dx5_a1e5_x_20260909,75,x,207.5,3e-14,0.8007826655109723,2.9987864001213892e-18,1.776999941648683e-18,1.2217864584727068e-18,0.40742697059825583,-26006237.95390129
sim_ec1xt240_right_angle_h75_dx5_a1e5_x_20260909,75,x,212.5,3e-14,0.672903643498818,2.9987864056465695e-18,1.77920313976756e-18,1.2195832658790096e-18,0.406692275109222,-25305170.99052667
sim_ec1xt240_right_angle_h75_dx5_a1e5_x_20260909,75,x,217.5,3e-14,0.5477309556057056,2.9987864092277053e-18,1.7809602835768604e-18,1.217826125650845e-18,0.40610632417947995,-24840841.849644974
sim_ec1xt240_right_angle_h75_dx5_a1e5_x_20260909,75,x,222.5,3e-14,0.4244952250023683,2.99878641056921e-18,1.7823158866576704e-18,1.2164705239115394e-18,0.40565427388362646,-24527105.5996418
sim_ec1xt240_right_angle_h75_dx5_a1e5_x_20260909,75,x,227.5,3e-14,0.3024598996092876,2.9987864247004835e-18,1.7833040756613627e-18,1.215482349039121e-18,0.4053247470468066,-24329210.488746565
sim_ec1xt240_right_angle_h75_dx5_a1e5_x_20260909,75,x,232.5,3e-14,0.18120312011490267,2.9987864237227767e-18,1.7839495031239496e-18,1.2148369205988275e-18,0.40510951729956657,-24210599.918849766
sim_ec1xt240_right_angle_h75_dx5_a1e5_x_20260909,75,x,237.5,3e-14,0.06035390042078992,2.9987864243594233e-18,1.784268262645128e-18,1.2145181617142953e-18,0.4050032212526542,-24156115.31306058
sim_ec1xt240_right_angle_h75_dx5_a1e5_y_20260909,75,y,2.5,3e-14,-0.06035800948428611,2.9987864330450977e-18,1.7842682692844393e-18,1.2145181637606584e-18,0.4050032207620014,-24156114.283638697
sim_ec1xt240_right_angle_h75_dx5_a1e5_y_20260909,75,y,7.5,3e-14,-0.1812072188096742,2.9987864315785375e-18,1.7839495108091796e-18,1.2148369207693578e-18,0.4051095162951892,-24210596.969040733
sim_ec1xt240_right_angle_h75_dx5_a1e5_y_20260909,75,y,12.5,3e-14,-0.3024639791746934,2.99878643501188e-18,1.7833040856658045e-18,1.2154823493460754e-18,0.4053247457554476,-24329205.33729096
sim_ec1xt240_right_angle_h75_dx5_a1e5_y_20260909,75,y,17.5,3e-14,-0.4244992721825838,2.998786448597457e-18,1.782315913987986e-18,1.2164705346094705e-18,0.4056542723068587,-24527097.672224045
sim_ec1xt240_right_angle_h75_dx5_a1e5_y_20260909,75,y,22.5,3e-14,-0.5477349558969339,2.998786451689739e-18,1.7809603195473754e-18,1.2178261321423633e-18,0.40610632059383545,-24840831.018984314
sim_ec1xt240_right_angle_h75_dx5_a1e5_y_20260909,75,y,27.5,3e-14,-0.672907582372427,2.998786452599234e-18,1.7792031769658935e-18,1.2195832756333402e-18,0.4066922719943102,-25305156.57365322
sim_ec1xt240_right_angle_h75_dx5_a1e5_y_20260909,75,y,32.5,3e-14,-0.8007865216334661,2.998786460932479e-18,1.7769999933079815e-18,1.2217864676244973e-18,0.4074269653880524,-26006218.20489566
sim_ec1xt240_right_angle_h75_dx5_a1e5_y_20260909,75,y,37.5,3e-14,-0.9329697644213836,2.998786467082937e-18,1.774294136794197e-18,1.22449233028874e-18,0.40832928377186595,-26988766.411940247
sim_ec1xt240_right_angle_h75_dx5_a1e5_y_20260909,75,y,42.5,3e-14,-1.0706741857528685,2.9987864634676953e-18,1.7710152966174066e-18,1.2277711668502888e-18,0.4094226720733345,-28447316.437959667
sim_ec1xt240_right_angle_h75_dx5_a1e5_y_20260909,75,y,47.5,3e-14,-1.2174429288009803,2.9987864785880446e-18,1.7670764558715746e-18,1.2317100227164701e-18,0.4107361532777123,-30324641.43633844
sim_ec1xt240_right_angle_h75_dx5_a1e5_y_20260909,75,y,52.5,3e-14,-1.373920600116253,2.998786480634408e-18,1.7623742675368704e-18,1.2364122130975375e-18,0.41230418406980696,-32950753.4901301
sim_ec1xt240_right_angle_h75_dx5_a1e5_y_20260909,75,y,57.5,3e-14,-1.5469504637022813,2.998786484545235e-18,1.7567982161381224e-18,1.2419882684071128e-18,0.4141636207872465,-235036346.1957091
sim_ec1xt240_right_angle_h75_dx5_a1e5_y_20260909,75,y,62.5,4.2000000000000004e-14,-3.724284062073344,2.9987864976532692e-18,1.7385126993758606e-18,1.2602737982774087e-18,0.42026126210173637,-187853721.7988854
sim_ec1xt240_right_angle_h75_dx5_a1e5_y_20260909,75,y,67.5,4.2000000000000004e-14,-3.4254876816911355,2.998786499667794e-18,1.7127197925219662e-18,1.2860667071458276e-18,0.4288623772610349,60356348.67137385
sim_ec1xt240_right_angle_h75_dx5_a1e5_y_20260909,75,y,72.5,4.2000000000000004e-14,-3.1207205753596057,2.9987864975222544e-18,1.6860862339854068e-18,1.3127002635368478e-18,0.437743822249922,61543263.079864636
sim_ec1xt240_right_angle_h75_dx5_a1e5_y_20260909,75,y,77.5,4.2000000000000004e-14,-2.810055050892489,2.9987864985008275e-18,1.6600413085143375e-18,1.3387451899864898e-18,0.4464289774066156,62694768.643095374
sim_ec1xt240_right_angle_h75_dx5_a1e5_y_20260909,75,y,82.5,4.2000000000000004e-14,-2.493772888928652,2.9987864940868025e-18,1.6354834735011536e-18,1.363303020585649e-18,0.45461823416701935,63773687.57412545
sim_ec1xt240_right_angle_h75_dx5_a1e5_y_20260909,75,y,87.5,4.2000000000000004e-14,-2.1723181751512346,2.9987864883872324e-18,1.6130663154854118e-18,1.3857201729018205e-18,0.46209364296791605,64753559.74620298
sim_ec1xt240_right_angle_h75_dx5_a1e5_y_20260909,75,y,92.5,4.2000000000000004e-14,-1.846237291466622,2.9987864830091308e-18,1.593235630707568e-18,1.4055508523015626e-18,0.46870654521930594,65616563.92401174
sim_ec1xt240_right_angle_h75_dx5_a1e5_y_20260909,75,y,97.5,4.2000000000000004e-14,-1.5161525359111172,2.998786478490268e-18,1.5763195258386988e-18,1.4224669526515688e-18,0.474347527859905,66350011.832657315
sim_ec1xt240_right_angle_h75_dx5_a1e5_y_20260909,75,y,102.5,4.2000000000000004e-14,-1.182737173140049,2.998786462175407e-18,1.5625500320311403e-18,1.4362364301442666e-18,0.4789392136652434,66945185.033338405
sim_ec1xt240_right_angle_h75_dx5_a1e5_y_20260909,75,y,107.5,4.2000000000000004e-14,-0.8467006855777331,2.9987864521166348e-18,1.552094082808253e-18,1.4466923693083819e-18,0.4824259387617489,67395921.95089373
sim_ec1xt240_right_angle_h75_dx5_a1e5_y_20260909,75,y,112.5,4.2000000000000004e-14,-0.5087779536311116,2.9987864442908796e-18,1.5450647818852303e-18,1.4537216624056495e-18,0.48476998592989495,67698226.12227428
sim_ec1xt240_right_angle_h75_dx5_a1e5_y_20260909,75,y,117.5,4.2000000000000004e-14,-0.16971842435499032,2.9987864406993303e-18,1.541533155750585e-18,1.4572532849487453e-18,0.48594767042127457,67849898.6088449
sim_ec1xt240_right_angle_h75_dx5_a1e5_y_20260909,75,y,122.5,4.2000000000000004e-14,0.1697210324573375,2.9987864253635978e-18,1.5415331391523068e-18,1.457253286211291e-18,0.48594767332741995,67849895.08933255
sim_ec1xt240_right_angle_h75_dx5_a1e5_y_20260909,75,y,127.5,4.2000000000000004e-14,0.5087805265383352,2.99878642058008e-18,1.5450647350462533e-18,1.4537216855338263e-18,0.4847699974753857,67698215.63558209
sim_ec1xt240_right_angle_h75_dx5_a1e5_y_20260909,75,y,132.5,4.2000000000000004e-14,0.8467031888131584,2.9987864120155016e-18,1.5520940194164725e-18,1.4466923925990292e-18,0.4824259529796585,67395903.94798489
sim_ec1xt240_right_angle_h75_dx5_a1e5_y_20260909,75,y,137.5,4.2000000000000004e-14,1.182739566018184,2.9987864045505243e-18,1.5625499438101542e-18,1.43623646074037e-18,0.47893923307140024,66945159.29158244
sim_ec1xt240_right_angle_h75_dx5_a1e5_y_20260909,75,y,142.5,4.2000000000000004e-14,1.5161547817289829,2.9987863887818935e-18,1.5763194125156588e-18,1.4224669762662346e-18,0.4743475499247015,66349978.124101944
sim_ec1xt240_right_angle_h75_dx5_a1e5_y_20260909,75,y,147.5,4.2000000000000004e-14,1.8462393472592036,2.998786385241825e-18,1.593235502650714e-18,1.4055508825911112e-18,0.4687065706008153,65616521.56213922
sim_ec1xt240_right_angle_h75_dx5_a1e5_y_20260909,75,y,152.5,4.2000000000000004e-14,2.172319997350375,2.9987863782732035e-18,1.6130661764691468e-18,1.3857202018040569e-18,0.4620936695737556,64753507.29056768
sim_ec1xt240_right_angle_h75_dx5_a1e5_y_20260909,75,y,157.5,4.2000000000000004e-14,2.4937744201648804,2.9987863628455182e-18,1.6354833255263656e-18,1.3633030373191524e-18,0.45461825964338715,63773624.84733262
sim_ec1xt240_right_angle_h75_dx5_a1e5_y_20260909,75,y,162.5,4.2000000000000004e-14,2.8100562458237013,2.9987863655592583e-18,1.660041162631387e-18,1.3387452029278712e-18,0.4464290015131512,62694695.82963558
sim_ec1xt240_right_angle_h75_dx5_a1e5_y_20260909,75,y,167.5,4.2000000000000004e-14,3.120721378461236,2.998786364713735e-18,1.6860860973338277e-18,1.3127002673799073e-18,0.43774384291800594,61543181.641470835
sim_ec1xt240_right_angle_h75_dx5_a1e5_y_20260909,75,y,172.5,4.2000000000000004e-14,3.4254880622384096,2.998786368201589e-18,1.712719666807061e-18,1.2860667013945282e-18,0.42886239414440147,60356262.05660045
sim_ec1xt240_right_angle_h75_dx5_a1e5_y_20260909,75,y,177.5,4.2000000000000004e-14,3.7242839990272407,2.998786365140041e-18,1.738512590281971e-18,1.2602737748580701e-18,0.4202612728630358,-187854034.3677714
sim_ec1xt240_right_angle_h75_dx5_a1e5_y_20260909,75,y,182.5,3e-14,1.5469477185606957,2.9987863810902127e-18,1.7567981272804903e-18,1.2419882538097226e-18,0.41416363020769625,-235036648.89647844
sim_ec1xt240_right_angle_h75_dx5_a1e5_y_20260909,75,y,187.5,3e-14,1.373917510062456,2.9987863858423224e-18,1.7623741876832354e-18,1.2364121981590872e-18,0.41230419212130515,-32950814.73886967
sim_ec1xt240_right_angle_h75_dx5_a1e5_y_20260909,75,y,192.5,3e-14,1.217439571171999,2.998786391526665e-18,1.767076383930544e-18,1.2317100075961207e-18,0.41073616016013204,-30324688.528974853
sim_ec1xt240_right_angle_h75_dx5_a1e5_y_20260909,75,y,197.5,3e-14,1.0706706247727076,2.9987863913447655e-18,1.7710152307245154e-18,1.2277711606202503e-18,0.4094226798427189,-28447352.58817672
sim_ec1xt240_right_angle_h75_dx5_a1e5_y_20260909,75,y,202.5,3e-14,0.9329660452902317,2.9987863993596878e-18,1.774294079268657e-18,1.2244923200910306e-18,0.40832928959277953,-26988793.492317196
sim_ec1xt240_right_angle_h75_dx5_a1e5_y_20260909,75,y,207.5,3e-14,0.8007826898495356,2.9987864000759146e-18,1.7769999416032078e-18,1.2217864584727068e-18,0.4074269706044342,-26006237.72790035
sim_ec1xt240_right_angle_h75_dx5_a1e5_y_20260909,75,y,212.5,3e-14,0.6729036680112283,2.9987864058284686e-18,1.779203139949459e-18,1.2195832658790096e-18,0.406692275084553,-25305171.035230156
sim_ec1xt240_right_angle_h75_dx5_a1e5_y_20260909,75,y,217.5,3e-14,0.547730979497234,2.9987864092277053e-18,1.7809602835768604e-18,1.217826125650845e-18,0.40610632417947995,-24840842.068195347
sim_ec1xt240_right_angle_h75_dx5_a1e5_y_20260909,75,y,222.5,3e-14,0.4244952473292748,2.99878641056921e-18,1.7823158866576704e-18,1.2164705239115394e-18,0.40565427388362646,-24527105.528861288
sim_ec1xt240_right_angle_h75_dx5_a1e5_y_20260909,75,y,227.5,3e-14,0.30245992420862117,2.9987864245242694e-18,1.783304075479464e-18,1.2154823490448052e-18,0.4053247470725197,-24329210.41858693
sim_ec1xt240_right_angle_h75_dx5_a1e5_y_20260909,75,y,232.5,3e-14,0.18120314314340552,2.9987864237227767e-18,1.7839495031239496e-18,1.2148369205988275e-18,0.40510951729956657,-24210600.01819084
sim_ec1xt240_right_angle_h75_dx5_a1e5_y_20260909,75,y,237.5,3e-14,0.060353924026712774,2.998786424404898e-18,1.784268262645128e-18,1.2145181617597701e-18,0.405003221261677,-24156115.262769163
sim_ec1xt240_right_angle_h65_dx5_a1e5_x_20260909,65,x,2.5,2.7600000000000004e-14,-0.06366073876362888,2.4394406147052904e-18,1.2822500008951467e-18,1.157190613810144e-18,0.4743671999369186,-25478149.861083835
sim_ec1xt240_right_angle_h65_dx5_a1e5_x_20260909,65,x,7.5,2.7600000000000004e-14,-0.19112449703549128,2.4394406254145906e-18,1.2820383407415646e-18,1.157402284673026e-18,0.47445396810029833,-25534094.902146876
sim_ec1xt240_right_angle_h65_dx5_a1e5_x_20260909,65,x,12.5,2.7600000000000004e-14,-0.31900168778509763,2.4394406278361205e-18,1.2816069918244467e-18,1.1578336360116738e-18,0.4746307915018689,-25656278.0453891
sim_ec1xt240_right_angle_h65_dx5_a1e5_x_20260909,65,x,17.5,2.7600000000000004e-14,-0.4476872774893823,2.4394406275746404e-18,1.2809396499505967e-18,1.158500977624044e-18,0.474904354928227,-25857759.83803298
sim_ec1xt240_right_angle_h65_dx5_a1e5_x_20260909,65,x,22.5,2.7600000000000004e-14,-0.5775792861654274,2.4394406263922974e-18,1.2800112984223233e-18,1.1594293279699741e-18,0.4752849138552967,-26165883.89096053
sim_ec1xt240_right_angle_h65_dx5_a1e5_x_20260909,65,x,27.5,2.7600000000000004e-14,-0.7093461163989876,2.439440628882039e-18,1.2787873783963733e-18,1.160653250485666e-18,0.47578663597874765,-26607743.008197226
sim_ec1xt240_right_angle_h65_dx5_a1e5_x_20260909,65,x,32.5,2.7600000000000004e-14,-0.8436567162473997,2.4394406382953095e-18,1.2772228900985283e-18,1.162217748196781e-18,0.4764279687530922,-27262005.01555982
sim_ec1xt240_right_angle_h65_dx5_a1e5_x_20260909,65,x,37.5,2.7600000000000004e-14,-0.9819661665545858,2.439440637442658e-18,1.2752607740821987e-18,1.1641798633604594e-18,0.47723229886868884,-28164264.840492293
sim_ec1xt240_right_angle_h65_dx5_a1e5_x_20260909,65,x,42.5,2.7600000000000004e-14,-1.1252993646523226,2.4394406516989876e-18,1.2728306109465849e-18,1.1666100407524027e-18,0.4782284987912694,-29498564.878451638
sim_ec1xt240_right_angle_h65_dx5_a1e5_x_20260909,65,x,47.5,2.7600000000000004e-14,-1.2769518153391022,2.439440653188285e-18,1.2698459049261147e-18,1.1695947482621704e-18,0.47945201976262086,-31196088.300666958
sim_ec1xt240_right_angle_h65_dx5_a1e5_x_20260909,65,x,52.5,2.7600000000000004e-14,-1.4372602476589922,2.4394406533019722e-18,1.2662046980494779e-18,1.1732359552524942e-18,0.48094465986062346,-33572630.98376386
sim_ec1xt240_right_angle_h65_dx5_a1e5_x_20260909,65,x,57.5,2.7600000000000004e-14,-1.6126781251767408,2.439440651005498e-18,1.2617977999525465e-18,1.1776428510529513e-18,0.4827511792785555,-234248372.61464545
sim_ec1xt240_right_angle_h65_dx5_a1e5_x_20260909,65,x,62.5,3.96e-14,-3.779743973805447,2.4394406733595442e-18,1.2462823356599983e-18,1.1931583376995459e-18,0.48911143883501557,-186607318.25341135
sim_ec1xt240_right_angle_h65_dx5_a1e5_x_20260909,65,x,67.5,3.96e-14,-3.4787513077108545,2.4394406719223594e-18,1.2241277823704878e-18,1.2153128895518714e-18,0.4981932553392106,60860812.02433568
sim_ec1xt240_right_angle_h65_dx5_a1e5_x_20260909,65,x,72.5,3.96e-14,-3.17113585356209,2.4394406779352703e-18,1.201207000622162e-18,1.2382336773131082e-18,0.5075891734170567,62177547.10503298
sim_ec1xt240_right_angle_h65_dx5_a1e5_x_20260909,65,x,77.5,3.96e-14,-2.8569758366605247,2.4394406672655852e-18,1.178800565094207e-18,1.2606401021713786e-18,0.5167742421808741,63454172.515658416
sim_ec1xt240_right_angle_h65_dx5_a1e5_x_20260909,65,x,82.5,3.96e-14,-2.536594128405506,2.4394406680816884e-18,1.1577049004699803e-18,1.2817357676117081e-18,0.5254219888937209,64647825.91269471
sim_ec1xt240_right_angle_h65_dx5_a1e5_x_20260909,65,x,87.5,3.96e-14,-2.2104975775335776,2.439440659380282e-18,1.1384881935100566e-18,1.3009524658702252e-18,0.5332994925979141,65728800.66103403
sim_ec1xt240_right_angle_h65_dx5_a1e5_x_20260909,65,x,92.5,3.96e-14,-1.8793061217951654,2.439440656279901e-18,1.1215279725547589e-18,1.317912683725142e-18,0.5402519960190107,66677664.7584306
sim_ec1xt240_right_angle_h65_dx5_a1e5_x_20260909,65,x,97.5,3.96e-14,-1.5437209299492716,2.4394406497869174e-18,1.1070937252043222e-18,1.3323469245825946e-18,0.5461690263704402,67481268.25750476
sim_ec1xt240_right_angle_h65_dx5_a1e5_x_20260909,65,x,102.5,3.96e-14,-1.2044934392201179,2.4394406436223373e-18,1.095369134009161e-18,1.3440715096131762e-18,0.5509752873582354,68131215.79324055
sim_ec1xt240_right_angle_h65_dx5_a1e5_x_20260909,65,x,107.5,3.96e-14,-0.862408772016866,2.439440636205248e-18,1.0864817686979223e-18,1.3529588675073256e-18,0.5546184840193387,68622271.29232553
sim_ec1xt240_right_angle_h65_dx5_a1e5_x_20260909,65,x,112.5,3.96e-14,-0.5182707262968625,2.4394406281230463e-18,1.0805149586303742e-18,1.3589256694926723e-18,0.5570644572474209,68951484.96877289
sim_ec1xt240_right_angle_h65_dx5_a1e5_x_20260909,65,x,117.5,3.96e-14,-0.1728939223291371,2.4394406174363002e-18,1.0775196372833307e-18,1.36192098015297e-18,0.5582923275190292,69116680.13169836
sim_ec1xt240_right_angle_h65_dx5_a1e5_x_20260909,65,x,122.5,3.96e-14,0.17289607502012092,2.4394406085841592e-18,1.0775196282793332e-18,1.361920980304826e-18,0.5582923296071877,69116677.08655575
sim_ec1xt240_right_angle_h65_dx5_a1e5_x_20260909,65,x,127.5,3.96e-14,0.5182728485364203,2.4394406018664497e-18,1.080514935233623e-18,1.3589256666328264e-18,0.5570644620709738,68951475.7834864
sim_ec1xt240_right_angle_h65_dx5_a1e5_x_20260909,65,x,132.5,3.96e-14,0.862410832854985,2.439440601844467e-18,1.0864817319770736e-18,1.3529588698673933e-18,0.5546184927988891,68622255.38928701
sim_ec1xt240_right_angle_h65_dx5_a1e5_x_20260909,65,x,137.5,3.96e-14,1.2044954024292904,2.4394405892179452e-18,1.0953690876931433e-18,1.3440715015248018e-18,0.5509752963304159,68131194.03980295
sim_ec1xt240_right_angle_h65_dx5_a1e5_x_20260909,65,x,142.5,3.96e-14,1.5437227732530145,2.439440581639119e-18,1.1070936654050456e-18,1.332346916234073e-18,0.5461690382058155,67481239.54831049
sim_ec1xt240_right_angle_h65_dx5_a1e5_x_20260909,65,x,147.5,3.96e-14,1.8793077979123953,2.4394405732175107e-18,1.1215279048428783e-18,1.3179126683746322e-18,0.5402520081218316,66677628.02481049
sim_ec1xt240_right_angle_h65_dx5_a1e5_x_20260909,65,x,152.5,3.96e-14,2.2104990535011195,2.4394405695663316e-18,1.1384881194771879e-18,1.3009524500891435e-18,0.533299505763495,65728755.295276664
sim_ec1xt240_right_angle_h65_dx5_a1e5_x_20260909,65,x,157.5,3.96e-14,2.536595350865162,2.4394405608354043e-18,1.1577048265280609e-18,1.2817357343073433e-18,0.5254219983406374,64647771.59871478
sim_ec1xt240_right_angle_h65_dx5_a1e5_x_20260909,65,x,162.5,3.96e-14,2.8569767694882673,2.4394405588714754e-18,1.1788004920617824e-18,1.2606400668096928e-18,0.5167742506474047,63454109.979699336
sim_ec1xt240_right_angle_h65_dx5_a1e5_x_20260909,65,x,167.5,3.96e-14,3.1711364506621553,2.4394405518844643e-18,1.2012069287720807e-18,1.2382336231123838e-18,0.5075891774267055,62177476.64436546
sim_ec1xt240_right_angle_h65_dx5_a1e5_x_20260909,65,x,172.5,3.96e-14,3.478751535931922,2.4394405589609957e-18,1.224127724299251e-18,1.2153128346617442e-18,0.49819325590756314,60860735.43387229
sim_ec1xt240_right_angle_h65_dx5_a1e5_x_20260909,65,x,177.5,3.96e-14,3.7797438050008783,2.4394405564009653e-18,1.246282287456779e-18,1.193158268944186e-18,0.4891114341004952,-186607590.86433107
sim_ec1xt240_right_angle_h65_dx5_a1e5_x_20260909,65,x,182.5,2.7600000000000004e-14,1.6126756272886111,2.4394405758812355e-18,1.2617977704394435e-18,1.177642805441792e-18,0.48275117544782764,-234248637.31754443
sim_ec1xt240_right_angle_h65_dx5_a1e5_x_20260909,65,x,187.5,2.7600000000000004e-14,1.4372574318254339,2.4394405710836512e-18,1.2662046680361527e-18,1.1732359030474981e-18,0.4809446546698704,-33572686.65795743
sim_ec1xt240_right_angle_h65_dx5_a1e5_x_20260909,65,x,192.5,2.7600000000000004e-14,1.2769487607090368,2.4394405729708522e-18,1.2698458789600408e-18,1.1695946940108116e-18,0.4794520132894365,-31196130.898551665
sim_ec1xt240_right_angle_h65_dx5_a1e5_x_20260909,65,x,197.5,2.7600000000000004e-14,1.1252961228399172,2.43944058327088e-18,1.2728305875498336e-18,1.1666099957210464e-18,0.4782284937462254,-29498597.39105769
sim_ec1xt240_right_angle_h65_dx5_a1e5_x_20260909,65,x,202.5,2.7600000000000004e-14,0.9819627867984599,2.439440587579611e-18,1.2752607607581013e-18,1.16417982682151e-18,0.47723229364507613,-28164289.718952715
sim_ec1xt240_right_angle_h65_dx5_a1e5_x_20260909,65,x,207.5,2.7600000000000004e-14,0.84365322565039,2.439440587528452e-18,1.2772228705216548e-18,1.1622177170067971e-18,0.4764279658822565,-27262024.3438776
sim_ec1xt240_right_angle_h65_dx5_a1e5_x_20260909,65,x,212.5,2.7600000000000004e-14,0.7093425433596839,2.4394405956741142e-18,1.2787873725756071e-18,1.1606532230985067e-18,0.4757866312287765,-26607757.137305498
sim_ec1xt240_right_angle_h65_dx5_a1e5_x_20260909,65,x,217.5,2.7600000000000004e-14,0.577575654277335,2.43944059458272e-18,1.280011284734428e-18,1.1594293098482922e-18,0.4752849126242482,-26165894.38116205
sim_ec1xt240_right_angle_h65_dx5_a1e5_x_20260909,65,x,222.5,2.7600000000000004e-14,0.4476835995480634,2.439440600051057e-18,1.2809396414013465e-18,1.1585009586497109e-18,0.474904352508302,-25857767.412789922
sim_ec1xt240_right_angle_h65_dx5_a1e5_x_20260909,65,x,227.5,2.7600000000000004e-14,0.3189979801494358,2.4394406021087887e-18,1.2816069802283894e-18,1.1578336218803997e-18,0.4746307907146842,-25656283.005694114
sim_ec1xt240_right_angle_h65_dx5_a1e5_x_20260909,65,x,232.5,2.7600000000000004e-14,0.19112076949112225,2.4394406111127866e-18,1.2820383341022536e-18,1.157402277010533e-18,0.4744539677408121,-25534097.85740887
sim_ec1xt240_right_angle_h65_dx5_a1e5_x_20260909,65,x,237.5,2.7600000000000004e-14,0.0636570015753471,2.4394406143528614e-18,1.282250002213914e-18,1.1571906121389474e-18,0.4743671993203773,-25478150.825475108
sim_ec1xt240_right_angle_h65_dx5_a1e5_y_20260909,65,y,2.5,2.7600000000000004e-14,-0.06366071064511071,2.4394406152509872e-18,1.2822500014408433e-18,1.157190613810144e-18,0.47436719983080383,-25478149.923509445
sim_ec1xt240_right_angle_h65_dx5_a1e5_y_20260909,65,y,7.5,2.7600000000000004e-14,-0.1911244686908912,2.4394406254145906e-18,1.2820383407415646e-18,1.157402284673026e-18,0.47445396810029833,-25534094.932178658
sim_ec1xt240_right_angle_h65_dx5_a1e5_y_20260909,65,y,12.5,2.7600000000000004e-14,-0.3190016599668973,2.4394406278361205e-18,1.2816069918244467e-18,1.1578336360116738e-18,0.4746307915018689,-25656277.937409665
sim_ec1xt240_right_angle_h65_dx5_a1e5_y_20260909,65,y,17.5,2.7600000000000004e-14,-0.4476872480649879,2.4394406279384386e-18,1.2809396499505967e-18,1.1585009779878419e-18,0.4749043550065354,-25857759.94196318
sim_ec1xt240_right_angle_h65_dx5_a1e5_y_20260909,65,y,22.5,2.7600000000000004e-14,-0.5775792593865291,2.4394406263922974e-18,1.2800112984223233e-18,1.1594293279699741e-18,0.4752849138552967,-26165883.88016258
sim_ec1xt240_right_angle_h65_dx5_a1e5_y_20260909,65,y,27.5,2.7600000000000004e-14,-0.7093460868666137,2.439440628882039e-18,1.2787873783963733e-18,1.160653250485666e-18,0.47578663597874765,-26607742.830031157
sim_ec1xt240_right_angle_h65_dx5_a1e5_y_20260909,65,y,32.5,2.7600000000000004e-14,-0.8436566876868407,2.4394406383180466e-18,1.2772228901212657e-18,1.162217748196781e-18,0.47642796874865156,-27262005.361093998
sim_ec1xt240_right_angle_h65_dx5_a1e5_y_20260909,65,y,37.5,2.7600000000000004e-14,-0.9819661404775537,2.439440638170254e-18,1.2752607740821987e-18,1.1641798640880553e-18,0.47723229902461134,-28164264.76490671
sim_ec1xt240_right_angle_h65_dx5_a1e5_y_20260909,65,y,42.5,2.7600000000000004e-14,-1.1252993353359078,2.4394406517217248e-18,1.272830610969322e-18,1.1666100407524027e-18,0.478228498786812,-29498564.592306152
sim_ec1xt240_right_angle_h65_dx5_a1e5_y_20260909,65,y,47.5,2.7600000000000004e-14,-1.2769517864006152,2.439440653188285e-18,1.2698459049261147e-18,1.1695947482621704e-18,0.47945201976262086,-31196087.874148205
sim_ec1xt240_right_angle_h65_dx5_a1e5_y_20260909,65,y,52.5,2.7600000000000004e-14,-1.4372602140773898,2.4394406533019722e-18,1.2662046980494779e-18,1.1732359552524942e-18,0.48094465986062346,-33572631.01615768
sim_ec1xt240_right_angle_h65_dx5_a1e5_y_20260909,65,y,57.5,2.7600000000000004e-14,-1.612678096562192,2.439440651005498e-18,1.2617977999525465e-18,1.1776428510529513e-18,0.4827511792785555,-234248373.03020266
sim_ec1xt240_right_angle_h65_dx5_a1e5_y_20260909,65,y,62.5,3.96e-14,-3.7797439443794163,2.4394406733479147e-18,1.2462823356599983e-18,1.1931583376879163e-18,0.48911143883258,-186607318.62381354
sim_ec1xt240_right_angle_h65_dx5_a1e5_y_20260909,65,y,67.5,3.96e-14,-3.4787512828003275,2.4394406722884606e-18,1.2241277823704878e-18,1.215312889917973e-18,0.4981932554145198,60860812.1447491
sim_ec1xt240_right_angle_h65_dx5_a1e5_y_20260909,65,y,72.5,3.96e-14,-3.1711358229319253,2.4394406779585655e-18,1.201207000622162e-18,1.2382336773364034e-18,0.5075891734217589,62177547.3458598
sim_ec1xt240_right_angle_h65_dx5_a1e5_y_20260909,65,y,77.5,3.96e-14,-2.8569758093417295,2.4394406672870016e-18,1.1788005651169444e-18,1.2606401021700576e-18,0.5167742421757957,63454172.28612029
sim_ec1xt240_right_angle_h65_dx5_a1e5_y_20260909,65,y,82.5,3.96e-14,-2.5365941000707224,2.439440668264098e-18,1.1577049006518792e-18,1.2817357676122189e-18,0.5254219888546419,64647825.826147586
sim_ec1xt240_right_angle_h65_dx5_a1e5_y_20260909,65,y,87.5,3.96e-14,-2.2104975510802536,2.4394406597328946e-18,1.1384881938738546e-18,1.30095246585904e-18,0.5332994925162423,65728800.672322825
sim_ec1xt240_right_angle_h65_dx5_a1e5_y_20260909,65,y,92.5,3.96e-14,-1.879306093347494,2.4394406567301634e-18,1.1215279729185569e-18,1.3179126838116061e-18,0.5402519959547374,66677664.54770712
sim_ec1xt240_right_angle_h65_dx5_a1e5_y_20260909,65,y,97.5,3.96e-14,-1.5437209056031824,2.439440649806324e-18,1.1070937252043222e-18,1.3323469246020016e-18,0.5461690263740507,67481268.60369337
sim_ec1xt240_right_angle_h65_dx5_a1e5_y_20260909,65,y,102.5,3.96e-14,-1.2044934073105604,2.439440644329949e-18,1.095369134009161e-18,1.3440715103207879e-18,0.5509752874884847,68131215.92117982
sim_ec1xt240_right_angle_h65_dx5_a1e5_y_20260909,65,y,107.5,3.96e-14,-0.8624087463913843,2.439440636205603e-18,1.0864817686979223e-18,1.352958867507681e-18,0.5546184840194036,68622270.9865883
sim_ec1xt240_right_angle_h65_dx5_a1e5_y_20260909,65,y,112.5,3.96e-14,-0.5182706974446774,2.4394406282176152e-18,1.0805149587213237e-18,1.3589256694962915e-18,0.557064457227309,68951485.19689989
sim_ec1xt240_right_angle_h65_dx5_a1e5_y_20260909,65,y,117.5,3.96e-14,-0.17289389442238542,2.4394406174352957e-18,1.0775196372833307e-18,1.3619209801519652e-18,0.5582923275188473,69116680.0329217
sim_ec1xt240_right_angle_h65_dx5_a1e5_y_20260909,65,y,122.5,3.96e-14,0.17289610288453974,2.439440609310151e-18,1.0775196282793332e-18,1.3619209810308176e-18,0.5582923297386425,69116677.15758085
sim_ec1xt240_right_angle_h65_dx5_a1e5_y_20260909,65,y,127.5,3.96e-14,0.5182728771534231,2.4394406023685593e-18,1.0805149356428957e-18,1.3589256667256634e-18,0.55706446199437,68951475.86438918
sim_ec1xt240_right_angle_h65_dx5_a1e5_y_20260909,65,y,132.5,3.96e-14,0.8624108615284315,2.4394406022871352e-18,1.0864817323408716e-18,1.3529588699462634e-18,0.5546184927305776,68622255.46266393
sim_ec1xt240_right_angle_h65_dx5_a1e5_y_20260909,65,y,137.5,3.96e-14,1.2044954317800625,2.439440589294151e-18,1.0953690876931433e-18,1.3440715016010075e-18,0.5509752963444431,68131193.61835599
sim_ec1xt240_right_angle_h65_dx5_a1e5_y_20260909,65,y,142.5,3.96e-14,1.5437227977119914,2.4394405819272878e-18,1.1070936654050456e-18,1.3323469165222425e-18,0.5461690382594265,67481239.20588483
sim_ec1xt240_right_angle_h65_dx5_a1e5_y_20260909,65,y,147.5,3.96e-14,1.8793078238389107,2.4394405731567153e-18,1.1215279048428783e-18,1.3179126683138366e-18,0.5402520081103738,66677628.16027558
sim_ec1xt240_right_angle_h65_dx5_a1e5_y_20260909,65,y,152.5,3.96e-14,2.210499079314747,2.4394405696617606e-18,1.1384881195681374e-18,1.3009524500936232e-18,0.5332995057444692,65728755.09584191
sim_ec1xt240_right_angle_h65_dx5_a1e5_y_20260909,65,y,157.5,3.96e-14,2.5365953747973298,2.4394405610513762e-18,1.15770482670996e-18,1.281735734341416e-18,0.5254219983080874,64647771.681499
sim_ec1xt240_right_angle_h65_dx5_a1e5_y_20260909,65,y,162.5,3.96e-14,2.856976796129737,2.4394405589161786e-18,1.1788004920617824e-18,1.260640066854396e-18,0.5167742506562598,63454110.19042286
sim_ec1xt240_right_angle_h65_dx5_a1e5_y_20260909,65,y,167.5,3.96e-14,3.1711364767015584,2.4394405516796478e-18,1.2012069287720807e-18,1.2382336229075669e-18,0.5075891773853624,62177476.74596432
sim_ec1xt240_right_angle_h65_dx5_a1e5_y_20260909,65,y,172.5,3.96e-14,3.4787515635893804,2.4394405589923187e-18,1.224127724299251e-18,1.2153128346930678e-18,0.4981932559140067,60860735.373665564
sim_ec1xt240_right_angle_h65_dx5_a1e5_y_20260909,65,y,177.5,3.96e-14,3.779743830438214,2.439440556400005e-18,1.246282287456779e-18,1.1931582689432257e-18,0.48911143410029406,-186607591.1411511
sim_ec1xt240_right_angle_h65_dx5_a1e5_y_20260909,65,y,182.5,2.7600000000000004e-14,1.6126756521778693,2.4394405763359826e-18,1.2617977708941908e-18,1.177642805441792e-18,0.48275117535783585,-234248636.8756468
sim_ec1xt240_right_angle_h65_dx5_a1e5_y_20260909,65,y,187.5,2.7600000000000004e-14,1.437257461681746,2.4394405714474486e-18,1.2662046683999507e-18,1.1732359030474981e-18,0.48094465459814645,-33572686.62556356
sim_ec1xt240_right_angle_h65_dx5_a1e5_y_20260909,65,y,192.5,2.7600000000000004e-14,1.2769487859222337,2.4394405729708522e-18,1.2698458789600408e-18,1.1695946940108116e-18,0.4794520132894365,-31196131.01732903
sim_ec1xt240_right_angle_h65_dx5_a1e5_y_20260909,65,y,197.5,2.7600000000000004e-14,1.1252961515084556,2.43944058327088e-18,1.2728305875498336e-18,1.1666099957210464e-18,0.4782284937462254,-29498597.31007315
sim_ec1xt240_right_angle_h65_dx5_a1e5_y_20260909,65,y,202.5,2.7600000000000004e-14,0.9819628128215022,2.439440587579611e-18,1.2752607607581013e-18,1.16417982682151e-18,0.47723229364507613,-28164289.789139353
sim_ec1xt240_right_angle_h65_dx5_a1e5_y_20260909,65,y,207.5,2.7600000000000004e-14,0.8436532536170621,2.4394405882503634e-18,1.2772228712492507e-18,1.1622177170011127e-18,0.4764279657389355,-27262024.084726967
sim_ec1xt240_right_angle_h65_dx5_a1e5_y_20260909,65,y,212.5,2.7600000000000004e-14,0.7093425719742326,2.43944059544674e-18,1.2787873723027589e-18,1.1606532231439814e-18,0.47578663129176485,-26607757.088714756
sim_ec1xt240_right_angle_h65_dx5_a1e5_y_20260909,65,y,217.5,2.7600000000000004e-14,0.5775756827299146,2.43944059458272e-18,1.280011284734428e-18,1.1594293098482922e-18,0.4752849126242482,-26165894.38386153
sim_ec1xt240_right_angle_h65_dx5_a1e5_y_20260909,65,y,222.5,2.7600000000000004e-14,0.44768362813561724,2.439440600051057e-18,1.2809396414013465e-18,1.1585009586497109e-18,0.474904352508302,-25857767.379046347
sim_ec1xt240_right_angle_h65_dx5_a1e5_y_20260909,65,y,227.5,2.7600000000000004e-14,0.31899800893945107,2.4394406021315262e-18,1.2816069802283894e-18,1.157833621903137e-18,0.474630790719581,-25656283.074531004
sim_ec1xt240_right_angle_h65_dx5_a1e5_y_20260909,65,y,232.5,2.7600000000000004e-14,0.1911207973903072,2.4394406112946853e-18,1.2820383342841525e-18,1.157402277010533e-18,0.4744539677054341,-25534097.839524783
sim_ec1xt240_right_angle_h65_dx5_a1e5_y_20260909,65,y,237.5,2.7600000000000004e-14,0.06365703054420326,2.4394406143528614e-18,1.282250002213914e-18,1.1571906121389474e-18,0.4743671993203773,-25478150.803541794
