step,time_s,fluid_nodes,fluid_volume_m3,fluid_mass_kg,fluid_mass_signed_rel,fluid_mass_abs_rel,max_density_deviation,volume_mean_ux_m_s,max_abs_ux_m_s,Qx_legacy_m3_s,qx_legacy_m_s,Bxx_numerical_residual_m2,Qx_plane_groove1_m3_s,Qx_plane_groove2_m3_s,nonfinite_count,all_finite
0,0.0000000000000000e+00,32928,4.1159999999999979e-21,nan,nan,nan,0.0000000000000000e+00,5.9813161326456893e-06,6.2499999947400917e-06,1.0048611102844753e-19,2.5765669494473726e-06,2.5765669494473728e-18,1.0333333324707163e-19,1.0333333324707163e-19,0,1
1,4.1666666666666652e-12,32928,4.1159999999999979e-21,nan,nan,nan,0.0000000000000000e+00,9.4210436921706786e-06,1.0416666673091399e-05,1.5827353402846737e-19,4.0582957443196766e-06,4.0582957443196772e-18,1.6861111119248069e-19,1.6861111119248069e-19,0,1
2,8.3333333333333304e-12,32928,4.1159999999999979e-21,nan,nan,nan,0.0000000000000000e+00,1.2557627982748144e-05,1.4583333358844199e-05,2.1096815011016877e-19,5.4094397464145839e-06,5.4094397464145842e-18,2.3157407432905284e-19,2.3157407432905284e-19,0,1
3,1.2499999999999996e-11,32928,4.1159999999999979e-21,nan,nan,nan,0.0000000000000000e+00,1.5460277434331487e-05,1.8750000029794020e-05,2.5973266089676889e-19,6.6598118178658694e-06,6.6598118178658699e-18,2.9295524721128742e-19,2.9295524721128742e-19,0,1
4,1.6666666666666661e-11,32928,4.1159999999999979e-21,nan,nan,nan,0.0000000000000000e+00,1.8124526644748063e-05,2.2916666685940871e-05,3.0449204763176731e-19,7.8074884008145472e-06,7.8074884008145475e-18,3.5314557633214439e-19,3.5314557633214439e-19,0,1
5,2.0833333333333326e-11,32928,4.1159999999999979e-21,nan,nan,nan,0.0000000000000000e+00,2.0564522782429612e-05,2.7083333334686230e-05,3.4548398274481740e-19,8.8585636601235237e-06,8.8585636601235228e-18,4.1232124492851102e-19,4.1232124492851102e-19,0,1
6,2.4999999999999991e-11,32928,4.1159999999999979e-21,nan,nan,nan,0.0000000000000000e+00,2.2798000093430961e-05,3.1249985117545296e-05,3.8300640156964001e-19,9.8206769633241030e-06,9.8206769633241025e-18,4.7057141629047434e-19,4.7057141629047434e-19,0,1
7,2.9166666666666656e-11,32928,4.1159999999999979e-21,nan,nan,nan,0.0000000000000000e+00,2.4832601833525292e-05,3.5416550084664581e-05,4.1718771080322469e-19,1.0697120789826274e-05,1.0697120789826275e-17,5.2795726531873226e-19,5.2795726531873226e-19,0,1
8,3.3333333333333322e-11,32928,4.1159999999999979e-21,nan,nan,nan,0.0000000000000000e+00,2.6672445652743134e-05,3.9582844238782203e-05,4.4809708696608440e-19,1.1489668896566267e-05,1.1489668896566266e-17,5.8453005736080483e-19,5.8453005736080483e-19,0,1
9,3.7499999999999987e-11,32928,4.1159999999999979e-21,nan,nan,nan,0.0000000000000000e+00,2.8323069646853663e-05,4.3748525105701023e-05,4.7582757006714142e-19,1.2200706924798498e-05,1.2200706924798498e-17,6.4033471977631143e-19,6.4033471977631143e-19,0,1
10,4.1666666666666652e-11,32928,4.1159999999999979e-21,nan,nan,nan,0.0000000000000000e+00,2.9791079584561085e-05,4.7913066250969466e-05,5.0049013702062604e-19,1.2833080436426309e-05,1.2833080436426309e-17,6.9541042210840775e-19,6.9541042210840775e-19,0,1
11,4.5833333333333317e-11,32928,4.1159999999999979e-21,nan,nan,nan,0.0000000000000000e+00,3.1082234291564433e-05,5.2051815979274180e-05,5.2218153609828223e-19,1.3389270156366211e-05,1.3389270156366211e-17,7.4946584550601439e-19,7.4946584550601439e-19,0,1
12,4.9999999999999982e-11,32928,4.1159999999999979e-21,nan,nan,nan,0.0000000000000000e+00,3.2200677185729648e-05,5.6104744263482729e-05,5.4097137672025792e-19,1.3871060941545076e-05,1.3871060941545075e-17,8.0174817482309992e-19,8.0174817482309992e-19,0,1
13,5.4166666666666648e-11,32928,4.1159999999999979e-21,nan,nan,nan,0.0000000000000000e+00,3.3150379210203819e-05,5.9973840981650058e-05,5.5692637073142388e-19,1.4280163352087793e-05,1.4280163352087792e-17,8.5103303303320432e-19,8.5103303303320432e-19,0,1
14,5.8333333333333313e-11,32928,4.1159999999999979e-21,nan,nan,nan,0.0000000000000000e+00,3.3935788453237012e-05,6.3539531937812201e-05,5.7012124601438166e-19,1.4618493487548248e-05,1.4618493487548249e-17,8.9580813619169751e-19,8.9580813619169751e-19,0,1
15,6.2499999999999978e-11,32928,4.1159999999999979e-21,nan,nan,nan,0.0000000000000000e+00,3.4561026251300961e-05,6.6681883772516101e-05,5.8062524102185590e-19,1.4887826692868100e-05,1.4887826692868099e-17,9.3450751447381450e-19,9.3450751447381450e-19,0,1
16,6.6666666666666643e-11,32928,4.1159999999999979e-21,nan,nan,nan,0.0000000000000000e+00,3.5029522869819408e-05,6.9302950757369557e-05,5.8849598421296593e-19,1.5089640620845280e-05,1.5089640620845281e-17,9.6576735296021030e-19,9.6576735296021030e-19,0,1
17,7.0833333333333308e-11,32928,4.1159999999999979e-21,nan,nan,nan,0.0000000000000000e+00,3.5344595021718203e-05,7.1340746292863951e-05,5.9378919636486550e-19,1.5225364009355526e-05,1.5225364009355528e-17,9.8860801955721599e-19,9.8860801955721599e-19,0,1
18,7.4999999999999974e-11,32928,4.1159999999999979e-21,nan,nan,nan,0.0000000000000000e+00,3.5509640528221448e-05,7.2773580834179598e-05,5.9656196087411999e-19,1.5296460535233847e-05,1.5296460535233847e-17,1.0025164668600923e-18,1.0025164668600923e-18,0,1
19,7.9166666666666639e-11,32928,4.1159999999999979e-21,nan,nan,nan,0.0000000000000000e+00,3.5527832318361619e-05,7.3616292017370416e-05,5.9686758294847502e-19,1.5304296998678849e-05,1.5304296998678848e-17,1.0074525020794999e-18,1.0074525020794999e-18,0,1
20,8.3333333333333304e-11,32928,4.1159999999999979e-21,nan,nan,nan,0.0000000000000000e+00,3.5402010346064918e-05,7.3910314335811112e-05,5.9475377381389039e-19,1.5250096764458728e-05,1.5250096764458726e-17,1.0037741396696011e-18,1.0037741396696011e-18,0,1
21,8.7499999999999969e-11,32928,4.1159999999999979e-21,nan,nan,nan,0.0000000000000000e+00,3.5134879163051617e-05,7.3713049135892312e-05,5.9026596993926690e-19,1.5135024870237614e-05,1.5135024870237614e-17,9.9214517665872781e-19,9.9214517665872781e-19,0,1
22,9.1666666666666634e-11,32928,4.1159999999999979e-21,nan,nan,nan,0.0000000000000000e+00,3.4729056444134766e-05,7.3086774636438041e-05,5.8344814826146383e-19,1.4960208929781125e-05,1.4960208929781123e-17,9.7341250558072966e-19,9.7341250558072966e-19,0,1
23,9.5833333333333300e-11,32928,4.1159999999999979e-21,nan,nan,nan,0.0000000000000000e+00,3.4186975500917702e-05,7.2091601656445136e-05,5.7434118841541715e-19,1.4726697138856851e-05,1.4726697138856853e-17,9.4851504182108186e-19,9.4851504182108186e-19,0,1
24,9.9999999999999965e-11,32928,4.1159999999999979e-21,nan,nan,nan,0.0000000000000000e+00,3.3510870574839712e-05,7.0779795375993672e-05,5.6298262565730691e-19,1.4435451939930947e-05,1.4435451939930949e-17,9.1839011549808822e-19,9.1839011549808822e-19,0,1
25,1.0416666666666663e-10,32928,4.1159999999999979e-21,nan,nan,nan,0.0000000000000000e+00,3.2702883510283230e-05,6.9194535276526054e-05,5.4940844297275803e-19,1.4087395973660463e-05,1.4087395973660464e-17,8.8392721391622257e-19,8.8392721391622257e-19,0,1
26,1.0833333333333330e-10,32928,4.1159999999999979e-21,nan,nan,nan,0.0000000000000000e+00,3.1765155732966085e-05,6.7369043725883074e-05,5.3365461631383004e-19,1.3683451700354616e-05,1.3683451700354616e-17,8.4592194267033019e-19,8.4592194267033019e-19,0,1
27,1.1249999999999996e-10,32928,4.1159999999999979e-21,nan,nan,nan,0.0000000000000000e+00,3.0699932331108765e-05,6.5328766933958163e-05,5.1575886316262706e-19,1.3224586234939156e-05,1.3224586234939156e-17,8.0507134730866838e-19,8.0507134730866838e-19,0,1
28,1.1666666666666663e-10,32928,4.1159999999999979e-21,nan,nan,nan,0.0000000000000000e+00,2.9509750211647143e-05,6.3092504851971777e-05,4.9576380355567188e-19,1.2711892398863382e-05,1.2711892398863383e-17,7.6196144591013790e-19,7.6196144591013790e-19,0,1
29,1.2083333333333328e-10,32928,4.1159999999999979e-21,nan,nan,nan,0.0000000000000000e+00,2.8197708070148349e-05,6.0675336214374888e-05,4.7372149557849205e-19,1.2146705014833130e-05,1.2146705014833130e-17,7.1708478009361243e-19,7.1708478009361243e-19,0,1
30,1.2499999999999996e-10,32928,4.1159999999999979e-21,nan,nan,nan,0.0000000000000000e+00,2.6767739438392040e-05,5.8089706617420378e-05,4.4969802256498613e-19,1.1530718527307338e-05,1.1530718527307338e-17,6.7084246716237838e-19,6.7084246716237838e-19,0,1
31,1.2916666666666663e-10,32928,4.1159999999999979e-21,nan,nan,nan,0.0000000000000000e+00,2.5224862948982232e-05,5.5347677923570738e-05,4.2377769754290130e-19,1.0866094808792342e-05,1.0866094808792343e-17,6.2356720498618235e-19,6.2356720498618235e-19,0,1
32,1.3333333333333329e-10,32928,4.1159999999999979e-21,nan,nan,nan,0.0000000000000000e+00,2.3575391097527224e-05,5.2461183498113959e-05,3.9606657043845723e-19,1.0155553088165570e-05,1.0155553088165569e-17,5.7552742482983521e-19,5.7552742482983521e-19,0,1
33,1.3749999999999994e-10,32928,4.1159999999999979e-21,nan,nan,nan,0.0000000000000000e+00,2.1827070236196107e-05,4.9443263657945866e-05,3.6669477996809447e-19,9.4024302555921668e-06,9.4024302555921668e-18,5.2694740479728942e-19,5.2694740479728942e-19,0,1
34,1.4166666666666662e-10,32928,4.1159999999999979e-21,nan,nan,nan,0.0000000000000000e+00,1.9989112226323633e-05,4.6307502525754660e-05,3.3581708540223689e-19,8.6106944974932538e-06,8.6106944974932546e-18,4.7800868058724557e-19,4.7800868058724557e-19,0,1
35,1.4583333333333330e-10,32928,4.1159999999999979e-21,nan,nan,nan,0.0000000000000000e+00,1.8072119336465157e-05,4.3068482040902970e-05,3.0361160485261456e-19,7.7849129449388345e-06,7.7849129449388361e-18,4.2886515670769990e-19,4.2886515670769990e-19,0,1
36,1.4999999999999995e-10,32928,4.1159999999999979e-21,nan,nan,nan,0.0000000000000000e+00,1.6087915603048248e-05,3.9740766571650940e-05,2.7027698213121045e-19,6.9301790290053967e-06,6.9301790290053968e-18,3.7964150179496358e-19,3.7964150179496358e-19,0,1
37,1.5416666666666660e-10,32928,4.1159999999999979e-21,nan,nan,nan,0.0000000000000000e+00,1.4049308231929230e-05,3.6338997054641984e-05,2.3602837829641096e-19,6.0520096999079740e-06,6.0520096999079743e-18,3.3044423933323354e-19,3.3044423933323354e-19,0,1
38,1.5833333333333328e-10,32928,4.1159999999999979e-21,nan,nan,nan,0.0000000000000000e+00,1.1969796959435408e-05,3.2876845864251833e-05,2.0109258891851477e-19,5.1562202286798659e-06,5.1562202286798662e-18,2.8135862513895173e-19,2.8135862513895173e-19,0,1
39,1.6249999999999996e-10,32928,4.1159999999999979e-21,nan,nan,nan,0.0000000000000000e+00,9.8632632885583530e-06,2.9367145520724965e-05,1.6570282324778026e-19,4.2487903396866732e-06,4.2487903396866731e-18,2.3245765775780693e-19,2.3245765775780693e-19,0,1
40,1.6666666666666661e-10,32928,4.1159999999999979e-21,nan,nan,nan,0.0000000000000000e+00,7.7436640098367257e-06,2.5821139556092088e-05,1.3009355536525696e-19,3.3357321888527428e-06,3.3357321888527426e-18,1.8379935546503222e-19,1.8379935546503222e-19,0,1
41,1.7083333333333326e-10,32928,4.1159999999999979e-21,nan,nan,nan,0.0000000000000000e+00,5.6247512637578792e-06,2.2248897770878632e-05,9.4495821231132330e-20,2.4229697751572395e-06,2.4229697751572394e-18,1.3543567679650410e-19,1.3543567679650410e-19,0,1
42,1.7499999999999994e-10,32928,4.1159999999999979e-21,nan,nan,nan,0.0000000000000000e+00,3.5198281441889283e-06,1.8659012462295070e-05,5.9133112822373977e-20,1.5162336621121534e-06,1.5162336621121533e-18,8.7411738987138924e-20,8.7411738987138924e-20,0,1
43,1.7916666666666662e-10,32928,4.1159999999999979e-21,nan,nan,nan,0.0000000000000000e+00,1.4415497210669683e-06,1.5059351880790976e-05,2.4218035313925057e-20,6.2097526445961693e-07,6.2097526445961697e-19,3.9775800652307885e-20,3.9775800652307885e-20,0,1
44,1.8333333333333327e-10,32928,4.1159999999999979e-21,nan,nan,nan,0.0000000000000000e+00,-5.9823030428722450e-07,1.1877599583519937e-05,-1.0050269112025368e-20,-2.5769920800065049e-07,-2.5769920800065046e-19,-7.4193163940791292e-21,-7.4193163940791292e-21,0,1
45,1.8749999999999992e-10,32928,4.1159999999999979e-21,nan,nan,nan,0.0000000000000000e+00,-2.5885673677363952e-06,1.3802963077734316e-05,-4.3487931777971420e-20,-1.1150751737941391e-06,-1.1150751737941392e-18,-5.4105693898577168e-20,-5.4105693898577168e-20,0,1
46,1.9166666666666660e-10,32928,4.1159999999999979e-21,nan,nan,nan,0.0000000000000000e+00,-4.5194952592918744e-06,1.5678037573141350e-05,-7.5927520356103475e-20,-1.9468594963103456e-06,-1.9468594963103459e-18,-1.0019822632971389e-19,-1.0019822632971389e-19,0,1
47,1.9583333333333328e-10,32928,4.1159999999999979e-21,nan,nan,nan,0.0000000000000000e+00,-6.3820603753313002e-06,1.7498622988747698e-05,-1.0721861430556581e-19,-2.7491952386042519e-06,-2.7491952386042521e-18,-1.4558566245725831e-19,-1.4558566245725831e-19,0,1
48,1.9999999999999993e-10,32928,4.1159999999999979e-21,nan,nan,nan,0.0000000000000000e+00,-8.1683282798986435e-06,1.9258614049047755e-05,-1.3722791510229717e-19,-3.5186644898024918e-06,-3.5186644898024921e-18,-1.9013047108635523e-19,-1.9013047108635523e-19,0,1
49,2.0416666666666658e-10,32928,4.1159999999999979e-21,nan,nan,nan,0.0000000000000000e+00,-9.8713663691650193e-06,2.1082495732696825e-05,-1.6583895500197227e-19,-4.2522808974864684e-06,-4.2522808974864685e-18,-2.3366392118402971e-19,-2.3366392118402971e-19,0,1
50,2.0833333333333326e-10,32928,4.1159999999999979e-21,nan,nan,nan,0.0000000000000000e+00,-1.1485209063996298e-05,2.3521003132935460e-05,-1.9295151227513773e-19,-4.9474746737214802e-06,-4.9474746737214804e-18,-2.7599000034030092e-19,-2.7599000034030092e-19,0,1
51,2.1249999999999994e-10,32928,4.1159999999999979e-21,nan,nan,nan,0.0000000000000000e+00,-1.3004807997829317e-05,2.5855289283337335e-05,-2.1848077436353244e-19,-5.6020711375264732e-06,-5.6020711375264734e-18,-3.1688571541198979e-19,-3.1688571541198979e-19,0,1
52,2.1666666666666659e-10,32928,4.1159999999999979e-21,nan,nan,nan,0.0000000000000000e+00,-1.4425971900437796e-05,2.8070745007114926e-05,-2.4235632792735488e-19,-6.2142648186501258e-06,-6.2142648186501257e-18,-3.5610933163875265e-19,-3.5610933163875265e-19,0,1
53,2.2083333333333324e-10,32928,4.1159999999999979e-21,nan,nan,nan,0.0000000000000000e+00,-1.5745297820887359e-05,3.0151743267492963e-05,-2.6452100339090755e-19,-6.7825898305360912e-06,-6.7825898305360913e-18,-3.9340504410612680e-19,-3.9340504410612680e-19,0,1
54,2.2499999999999992e-10,32928,4.1159999999999979e-21,nan,nan,nan,0.0000000000000000e+00,-1.6960097659045171e-05,3.2082321196355031e-05,-2.8492964067195877e-19,-7.3058882223579176e-06,-7.3058882223579184e-18,-4.2851389345386359e-19,-4.2851389345386359e-19,0,1
55,2.2916666666666660e-10,32928,4.1159999999999979e-21,nan,nan,nan,0.0000000000000000e+00,-1.8068321421990891e-05,3.3846664221191911e-05,-3.0354779988944683e-19,-7.7832769202422267e-06,-7.7832769202422256e-18,-4.6118046826554335e-19,-4.6118046826554335e-19,0,1
56,2.3333333333333325e-10,32928,4.1159999999999979e-21,nan,nan,nan,0.0000000000000000e+00,-1.9068480746497093e-05,3.5429820024860938e-05,-3.2035047654115108e-19,-8.2141147831064388e-06,-8.2141147831064386e-18,-4.9116393328250820e-19,-4.9116393328250820e-19,0,1
57,2.3749999999999990e-10,32928,4.1159999999999979e-21,nan,nan,nan,0.0000000000000000e+00,-1.9959574253813582e-05,3.7029807533369622e-05,-3.3532084746406807e-19,-8.5979704477966181e-06,-8.5979704477966194e-18,-5.1824414652840265e-19,-5.1824414652840265e-19,0,1
58,2.4166666666666656e-10,32928,4.1159999999999979e-21,nan,nan,nan,0.0000000000000000e+00,-2.0741018194874562e-05,3.8722132480427358e-05,-3.4844910567389251e-19,-8.9345924531767322e-06,-8.9345924531767327e-18,-5.4223054533449407e-19,-5.4223054533449407e-19,0,1
59,2.4583333333333326e-10,32928,4.1159999999999979e-21,nan,nan,nan,0.0000000000000000e+00,-2.1412583855891051e-05,4.0188459133117412e-05,-3.5973140877896950e-19,-9.2238822763838342e-06,-9.2238822763838340e-18,-5.6296583424744285e-19,-5.6296583424744285e-19,0,1
60,2.4999999999999991e-10,32928,4.1159999999999979e-21,nan,nan,nan,0.0000000000000000e+00,-2.1974344720799022e-05,4.1420015674915901e-05,-3.6916899130942341e-19,-9.4658715720364987e-06,-9.4658715720364982e-18,-5.8033151203494694e-19,-5.8033151203494694e-19,0,1
61,2.5416666666666656e-10,32928,4.1159999999999979e-21,nan,nan,nan,0.0000000000000000e+00,-2.2426634367639563e-05,4.2410612423809469e-05,-3.7676745737634453e-19,-9.6607040352908855e-06,-9.6607040352908860e-18,-5.9424843908968215e-19,-5.9424843908968215e-19,0,1
62,2.5833333333333327e-10,32928,4.1159999999999979e-21,nan,nan,nan,0.0000000000000000e+00,-2.2770017126418743e-05,4.3156825100503490e-05,-3.8253628772383473e-19,-9.8086227621496087e-06,-9.8086227621496085e-18,-6.0467889878939468e-19,-6.0467889878939468e-19,0,1
63,2.6249999999999992e-10,32928,4.1159999999999979e-21,nan,nan,nan,0.0000000000000000e+00,-2.3005271412223277e-05,4.3657890004861983e-05,-3.8648855972535088e-19,-9.9099630698807929e-06,-9.9099630698807934e-18,-6.1162431577990815e-19,-6.1162431577990815e-19,0,1
64,2.6666666666666657e-10,32928,4.1159999999999979e-21,nan,nan,nan,0.0000000000000000e+00,-2.3133386292028333e-05,4.3980413327308126e-05,-3.8864088970607584e-19,-9.9651510181045093e-06,-9.9651510181045095e-18,-6.1512448114611852e-19,-6.1512448114611852e-19,0,1
65,2.7083333333333323e-10,32928,4.1159999999999979e-21,nan,nan,nan,0.0000000000000000e+00,-2.3155569822030087e-05,4.4333625835096810e-05,-3.8901357301010534e-19,-9.9747070002591111e-06,-9.9747070002591125e-18,-6.1525322127212783e-19,-6.1525322127212783e-19,0,1
66,2.7499999999999988e-10,32928,4.1159999999999979e-21,nan,nan,nan,0.0000000000000000e+00,-2.3073268158012025e-05,4.4447866696988778e-05,-3.8763090505460190e-19,-9.9392539757590240e-06,-9.9392539757590240e-18,-6.1211573287525871e-19,-6.1211573287525871e-19,0,1
67,2.7916666666666658e-10,32928,4.1159999999999979e-21,nan,nan,nan,0.0000000000000000e+00,-2.2888192664666900e-05,4.4329958144679423e-05,-3.8452163676640375e-19,-9.8595291478565063e-06,-9.8595291478565064e-18,-6.0584313849897040e-19,-6.0584313849897040e-19,0,1
68,2.8333333333333323e-10,32928,4.1159999999999979e-21,nan,nan,nan,0.0000000000000000e+00,-2.2602352883535067e-05,4.3988419715108995e-05,-3.7971952844338898e-19,-9.7363981652151028e-06,-9.7363981652151032e-18,-5.9658887982016624e-19,-5.9658887982016624e-19,0,1
69,2.8749999999999989e-10,32928,4.1159999999999979e-21,nan,nan,nan,0.0000000000000000e+00,-2.2218091793921219e-05,4.3433109522602890e-05,-3.7326394213787634e-19,-9.5708703112275991e-06,-9.5708703112275993e-18,-5.8452301367851143e-19,-5.8452301367851143e-19,0,1
70,2.9166666666666659e-10,32928,4.1159999999999979e-21,nan,nan,nan,0.0000000000000000e+00,-2.1738120812804701e-05,4.2842076161409001e-05,-3.6520042965511882e-19,-9.3641135809004837e-06,-9.3641135809004835e-18,-5.6982847321387079e-19,-5.6982847321387079e-19,0,1
71,2.9583333333333324e-10,32928,4.1159999999999979e-21,nan,nan,nan,0.0000000000000000e+00,-2.1165551075976760e-05,4.2103977966238102e-05,-3.5558125807640943e-19,-9.1174681558053709e-06,-9.1174681558053717e-18,-5.5269578364431750e-19,-5.5269578364431750e-19,0,1
72,2.9999999999999989e-10,32928,4.1159999999999979e-21,nan,nan,nan,0.0000000000000000e+00,-2.0503918756256373e-05,4.1181635229486624e-05,-3.4446583510510700e-19,-8.8324573103873593e-06,-8.8324573103873603e-18,-5.3331980873089072e-19,-5.3331980873089072e-19,0,1
73,3.0416666666666655e-10,32928,4.1159999999999979e-21,nan,nan,nan,0.0000000000000000e+00,-1.9757201840288987e-05,4.0150146448901366e-05,-3.3192099091685485e-19,-8.5107946388937148e-06,-8.5107946388937148e-18,-5.1189538851587734e-19,-5.1189538851587734e-19,0,1
74,3.0833333333333320e-10,32928,4.1159999999999979e-21,nan,nan,nan,0.0000000000000000e+00,-1.8929827092307391e-05,3.8999573111499891e-05,-3.1802109515076402e-19,-8.1543870551477949e-06,-8.1543870551477950e-18,-4.8861499062379114e-19,-4.8861499062379114e-19,0,1
75,3.1249999999999990e-10,32928,4.1159999999999979e-21,nan,nan,nan,0.0000000000000000e+00,-1.8026665867698978e-05,3.7696737145844046e-05,-3.0284798657734267e-19,-7.7653329891626338e-06,-7.7653329891626342e-18,-4.6366557014649226e-19,-4.6366557014649226e-19,0,1
76,3.1666666666666656e-10,32928,4.1159999999999979e-21,nan,nan,nan,0.0000000000000000e+00,-1.7053018765844016e-05,3.6252603532680204e-05,-2.8649071526617938e-19,-7.3459157760558820e-06,-7.3459157760558815e-18,-4.3722735591627901e-19,-4.3722735591627901e-19,0,1
77,3.2083333333333321e-10,32928,4.1159999999999979e-21,nan,nan,nan,0.0000000000000000e+00,-1.6014589080734753e-05,3.4677880306441098e-05,-2.6904509655634375e-19,-6.8985922193934300e-06,-6.8985922193934302e-18,-4.0947203928802212e-19,-4.0947203928802212e-19,0,1
78,3.2499999999999991e-10,32928,4.1159999999999979e-21,nan,nan,nan,0.0000000000000000e+00,-1.4917446117868734e-05,3.2983023436526929e-05,-2.5061309478019461e-19,-6.4259767892357593e-06,-6.4259767892357595e-18,-3.8056272068414637e-19,-3.8056272068414637e-19,0,1
79,3.2916666666666656e-10,32928,4.1159999999999979e-21,nan,nan,nan,0.0000000000000000e+00,-1.3767979402153280e-05,3.1178175691024580e-05,-2.3130205395617502e-19,-5.9308218963121806e-06,-5.9308218963121805e-18,-3.5065333890888802e-19,-3.5065333890888802e-19,0,1
80,3.3333333333333322e-10,32928,4.1159999999999979e-21,nan,nan,nan,0.0000000000000000e+00,-1.2572845598535685e-05,2.9273229921163396e-05,-2.1122380605539942e-19,-5.4159950270615236e-06,-5.4159950270615233e-18,-3.1988961758679105e-19,-3.1988961758679105e-19,0,1
81,3.3749999999999987e-10,32928,4.1159999999999979e-21,nan,nan,nan,0.0000000000000000e+00,-1.1338909716525618e-05,2.7277827400230927e-05,-1.9049368323763030e-19,-4.8844534163494951e-06,-4.8844534163494955e-18,-2.8840946904851547e-19,-2.8840946904851547e-19,0,1
82,3.4166666666666652e-10,32928,4.1159999999999979e-21,nan,nan,nan,0.0000000000000000e+00,-1.0073182754781264e-05,2.5201457972007724e-05,-1.6922947028032515e-19,-4.3392171866750041e-06,-4.3392171866750040e-18,-2.5634462413824685e-19,-2.5634462413824685e-19,0,1
83,3.4583333333333322e-10,32928,4.1159999999999979e-21,nan,nan,nan,0.0000000000000000e+00,-8.7827575421744705e-06,2.3053492033552947e-05,-1.4755032670853105e-19,-3.7833417104751552e-06,-3.7833417104751549e-18,-2.2382161944177827e-19,-2.2382161944177827e-19,0,1
84,3.4999999999999988e-10,32928,4.1159999999999979e-21,nan,nan,nan,0.0000000000000000e+00,-7.4747447915376213e-06,2.0843291577535706e-05,-1.2557571249783199e-19,-3.2198900640469742e-06,-3.2198900640469740e-18,-1.9096369782846088e-19,-1.9096369782846088e-19,0,1
85,3.5416666666666653e-10,32928,4.1159999999999979e-21,nan,nan,nan,0.0000000000000000e+00,-6.1562109008034351e-06,1.8580248028636182e-05,-1.0342434313349767e-19,-2.6519062341922480e-06,-2.6519062341922484e-18,-1.5789194234863433e-19,-1.5789194234863433e-19,0,1
86,3.5833333333333323e-10,32928,4.1159999999999979e-21,nan,nan,nan,0.0000000000000000e+00,-4.8341191915780007e-06,1.6273878814445520e-05,-8.1213202418510390e-20,-2.0823898056028307e-06,-2.0823898056028307e-18,-1.2472701673026515e-19,-1.2472701673026515e-19,0,1
87,3.6249999999999989e-10,32928,4.1159999999999979e-21,nan,nan,nan,0.0000000000000000e+00,-3.5152756379437803e-06,1.3933848270965677e-05,-5.9056630717455481e-20,-1.5142725824988585e-06,-1.5142725824988586e-18,-9.1590041353804947e-20,-9.1590041353804947e-20,0,1
88,3.6666666666666654e-10,32928,4.1159999999999979e-21,nan,nan,nan,0.0000000000000000e+00,-2.2062801951397196e-06,1.1570030810599024e-05,-3.7065507278347275e-20,-9.5039762252172506e-07,-9.5039762252172507e-19,-5.8603829587666507e-20,-5.8603829587666507e-20,0,1
89,3.7083333333333319e-10,32928,4.1159999999999979e-21,nan,nan,nan,0.0000000000000000e+00,-9.1348432635897449e-07,9.1925000530649595e-06,-1.5346536682830767e-20,-3.9350094058540431e-07,-3.9350094058540433e-19,-2.5893208420635942e-20,-2.5893208420635942e-20,0,1
90,3.7499999999999984e-10,32928,4.1159999999999979e-21,nan,nan,nan,0.0000000000000000e+00,3.5704483647128177e-07,7.5463992259086863e-06,5.9983532527175312e-21,1.5380392955685979e-07,1.5380392955685979e-19,6.4144628774547344e-21,6.4144628774547344e-21,0,1
91,3.7916666666666655e-10,32928,4.1159999999999979e-21,nan,nan,nan,0.0000000000000000e+00,1.5995536118802875e-06,8.9236472342289831e-06,2.6872500679588822e-20,6.8903847896381605e-07,6.8903847896381605e-19,3.8189659675560187e-20,3.8189659675560187e-20,0,1
92,3.8333333333333320e-10,32928,4.1159999999999979e-21,nan,nan,nan,0.0000000000000000e+00,2.8086242382693829e-06,1.0241649315853596e-05,4.7184887202925612e-20,1.2098689026391182e-06,1.2098689026391183e-18,6.9300934050010011e-20,6.9300934050010011e-20,0,1
93,3.8749999999999985e-10,32928,4.1159999999999979e-21,nan,nan,nan,0.0000000000000000e+00,3.9791911087980129e-06,1.1495251648967721e-05,6.6850410627806595e-20,1.7141130930206820e-06,1.7141130930206820e-18,9.9615943481639278e-20,9.9615943481639278e-20,0,1
94,3.9166666666666655e-10,32928,4.1159999999999979e-21,nan,nan,nan,0.0000000000000000e+00,5.1065512050902271e-06,1.2679267397423529e-05,8.5790060245515780e-20,2.1997451345004045e-06,2.1997451345004049e-18,1.2900233825705654e-19,1.2900233825705654e-19,0,1
95,3.9583333333333321e-10,32928,4.1159999999999979e-21,nan,nan,nan,0.0000000000000000e+00,6.1863694842610543e-06,1.3851600587175863e-05,1.0393100733558567e-19,2.6648976239893765e-06,2.6648976239893765e-18,1.5732928550287739e-19,1.5732928550287739e-19,0,1
96,3.9999999999999986e-10,32928,4.1159999999999979e-21,nan,nan,nan,0.0000000000000000e+00,7.2146799098721555e-06,1.5435563914376099e-05,1.2120662248585217e-19,3.1078621150218507e-06,3.1078621150218510e-18,1.8446877900020619e-19,1.8446877900020619e-19,0,1
97,4.0416666666666651e-10,32928,4.1159999999999979e-21,nan,nan,nan,0.0000000000000000e+00,8.1878830130408703e-06,1.6922613375737803e-05,1.3755643461908657e-19,3.5270880671560663e-06,3.5270880671560663e-18,2.1029740900448233e-19,2.1029740900448233e-19,0,1
98,4.0833333333333316e-10,32928,4.1159999999999979e-21,nan,nan,nan,0.0000000000000000e+00,9.1027407400382199e-06,1.8306147218775420e-05,1.5292604443264202e-19,3.9211806264780007e-06,3.9211806264780002e-18,2.3469781796991034e-19,2.3469781796991034e-19,0,1
99,4.1249999999999987e-10,32928,4.1159999999999979e-21,nan,nan,nan,0.0000000000000000e+00,9.9563695090981181e-06,1.9580059879277781e-05,1.6726700775284832e-19,4.2888976346884186e-06,4.2888976346884185e-18,2.5756044048654056e-19,2.5756044048654056e-19,0,1
100,4.1666666666666652e-10,32928,4.1159999999999979e-21,nan,nan,nan,0.0000000000000000e+00,1.0746232136187985e-05,2.0738837449386300e-05,1.8053669988795809e-19,4.6291461509732842e-06,4.6291461509732849e-18,2.7878483996213876e-19,2.7878483996213876e-19,0,1
101,4.2083333333333317e-10,32928,4.1159999999999979e-21,nan,nan,nan,0.0000000000000000e+00,1.1470129399076690e-05,2.1777656950037425e-05,1.9269817390448832e-19,4.9409788180638034e-06,4.9409788180638034e-18,2.9828117418319209e-19,2.9828117418319209e-19,0,1
102,4.2499999999999988e-10,32928,4.1159999999999979e-21,nan,nan,nan,0.0000000000000000e+00,1.2126191737175664e-05,2.2692459534526783e-05,2.0372002118455106e-19,5.2235902867833606e-06,5.2235902867833609e-18,3.1597119772194333e-19,3.1597119772194333e-19,0,1
103,4.2916666666666653e-10,32928,4.1159999999999979e-21,nan,nan,nan,0.0000000000000000e+00,1.2712871617963975e-05,2.3691967052422817e-05,2.1357624318179470e-19,5.4763139277383262e-06,5.4763139277383258e-18,3.3178928374569097e-19,3.3178928374569097e-19,0,1
104,4.3333333333333318e-10,32928,4.1159999999999979e-21,nan,nan,nan,0.0000000000000000e+00,1.3228936794260140e-05,2.4680939397505785e-05,2.2224613814357027e-19,5.6986189267582124e-06,5.6986189267582129e-18,3.4568295731907235e-19,3.4568295731907235e-19,0,1
105,4.3749999999999983e-10,32928,4.1159999999999979e-21,nan,nan,nan,0.0000000000000000e+00,1.3673464753533687e-05,2.5530566903305614e-05,2.2971420785936586e-19,5.8901078938298944e-06,5.8901078938298939e-18,3.5761338707298344e-19,3.5761338707298344e-19,0,1
106,4.4166666666666649e-10,32928,4.1159999999999979e-21,nan,nan,nan,0.0000000000000000e+00,1.4045838268426222e-05,2.6238945863007924e-05,2.3597008290956044e-19,6.0505149463989861e-06,6.0505149463989868e-18,3.6755541027784884e-19,3.6755541027784884e-19,0,1
107,4.4583333333333319e-10,32928,4.1159999999999979e-21,nan,nan,nan,0.0000000000000000e+00,1.4345742127415170e-05,2.6805121384896968e-05,2.4100846774057477e-19,6.1797043010403795e-06,6.1797043010403793e-18,3.7549749895961684e-19,3.7549749895961684e-19,0,1
108,4.4999999999999984e-10,32928,4.1159999999999979e-21,nan,nan,nan,0.0000000000000000e+00,1.4573160733144401e-05,2.7229064703097480e-05,2.4482910031682589e-19,6.2776692388929723e-06,6.2776692388929726e-18,3.8144131512663497e-19,3.8144131512663497e-19,0,1
109,4.5416666666666649e-10,32928,4.1159999999999979e-21,nan,nan,nan,0.0000000000000000e+00,1.4728376386734909e-05,2.7511647205757240e-05,2.4743672329714637e-19,6.3445313665934970e-06,6.3445313665934971e-18,3.8540123096235473e-19,3.8540123096235473e-19,0,1
110,4.5833333333333320e-10,32928,4.1159999999999979e-21,nan,nan,nan,0.0000000000000000e+00,1.4811967871835930e-05,2.7782423970831576e-05,2.4884106024684349e-19,6.3805400063293203e-06,6.3805400063293205e-18,3.8740351562248680e-19,3.8740351562248680e-19,0,1
111,4.6249999999999985e-10,32928,4.1159999999999979e-21,nan,nan,nan,0.0000000000000000e+00,1.4824808976943464e-05,2.7998608097969804e-05,2.4905679081265008e-19,6.3860715592987201e-06,6.3860715592987200e-18,3.8748553741985394e-19,3.8748553741985394e-19,0,1
112,4.6666666666666650e-10,32928,4.1159999999999979e-21,nan,nan,nan,0.0000000000000000e+00,1.4768066529717387e-05,2.8075659094257498e-05,2.4810351769925202e-19,6.3616286589551802e-06,6.3616286589551805e-18,3.8569472163583786e-19,3.8569472163583786e-19,0,1
113,4.7083333333333321e-10,32928,4.1159999999999979e-21,nan,nan,nan,0.0000000000000000e+00,1.4643197557621345e-05,2.8016575361214497e-05,2.4600571896803851e-19,6.3078389478984232e-06,6.3078389478984234e-18,3.8208758390248804e-19,3.8208758390248804e-19,0,1
114,4.7499999999999981e-10,32928,4.1159999999999979e-21,nan,nan,nan,0.0000000000000000e+00,1.4451945166679649e-05,2.7824986506557362e-05,2.4279267880021803e-19,6.2254533025696933e-06,6.2254533025696936e-18,3.7672860586634189e-19,3.7672860586634189e-19,0,1
115,4.7916666666666651e-10,32928,4.1159999999999979e-21,nan,nan,nan,0.0000000000000000e+00,1.4196332837625421e-05,2.7532230366441238e-05,2.3849839167210699e-19,6.1153433762078716e-06,6.1153433762078719e-18,3.6968924339068009e-19,3.6968924339068009e-19,0,1
116,4.8333333333333311e-10,32928,4.1159999999999979e-21,nan,nan,nan,0.0000000000000000e+00,1.3878656820486070e-05,2.7222015569469407e-05,2.3316143458416589e-19,5.9784983226709205e-06,5.9784983226709204e-18,3.6104685218825621e-19,3.6104685218825621e-19,0,1
117,4.8749999999999982e-10,32928,4.1159999999999979e-21,nan,nan,nan,0.0000000000000000e+00,1.3501476449026902e-05,2.6790130406164877e-05,2.2682480434365186e-19,5.8160206241962018e-06,5.8160206241962022e-18,3.5088378831862841e-19,3.5088378831862841e-19,0,1
118,4.9166666666666652e-10,32928,4.1159999999999979e-21,nan,nan,nan,0.0000000000000000e+00,1.3067602227753801e-05,2.6241499370661458e-05,2.1953571742626377e-19,5.6291209596477891e-06,5.6291209596477896e-18,3.3928648311035676e-19,3.3928648311035676e-19,0,1
119,4.9583333333333312e-10,32928,4.1159999999999979e-21,nan,nan,nan,0.0000000000000000e+00,1.2580081631771053e-05,2.5646692287050739e-05,2.1134537141375361e-19,5.4191120875321440e-06,5.4191120875321434e-18,3.2634470913039860e-19,3.2634470913039860e-19,0,1
120,4.9999999999999982e-10,32928,4.1159999999999979e-21,nan,nan,nan,0.0000000000000000e+00,1.2042182690675477e-05,2.4945530591817057e-05,2.0230866920334794e-19,5.1874017744448189e-06,5.1874017744448197e-18,3.1215085611442030e-19,3.1215085611442030e-19,0,1
121,5.0416666666666653e-10,32928,4.1159999999999979e-21,nan,nan,nan,0.0000000000000000e+00,1.1457375455067793e-05,2.4142511824477088e-05,1.9248390764513886e-19,4.9354848114138168e-06,4.9354848114138166e-18,2.9679940071539371e-19,2.9679940071539371e-19,0,1
122,5.0833333333333313e-10,32928,4.1159999999999979e-21,nan,nan,nan,0.0000000000000000e+00,1.0829311492071880e-05,2.3243470296336472e-05,1.8193243306680750e-19,4.6649341812001922e-06,4.6649341812001929e-18,2.8038638907750979e-19,2.8038638907750979e-19,0,1
123,5.1249999999999983e-10,32928,4.1159999999999979e-21,nan,nan,nan,0.0000000000000000e+00,1.0161801734914966e-05,2.2254472526120317e-05,1.7071826914657138e-19,4.3773915165787538e-06,4.3773915165787545e-18,2.6300909499849859e-19,2.6300909499849859e-19,0,1
124,5.1666666666666654e-10,32928,4.1159999999999979e-21,nan,nan,nan,0.0000000000000000e+00,9.4587929160971997e-06,2.1181791558533379e-05,1.5890772099043287e-19,4.0745569484726376e-06,4.0745569484726380e-18,2.4476568053889746e-19,2.4476568053889746e-19,0,1
125,5.2083333333333314e-10,32928,4.1159999999999979e-21,nan,nan,nan,0.0000000000000000e+00,8.7243429493140344e-06,2.0031889050720686e-05,1.4656896154847573e-19,3.7581785012429677e-06,3.7581785012429685e-18,2.2575500071606186e-19,2.2575500071606186e-19,0,1
126,5.2499999999999984e-10,32928,4.1159999999999979e-21,nan,nan,nan,0.0000000000000000e+00,7.9625956199571177e-06,1.8811396442533132e-05,1.3377160641527952e-19,3.4300411901353727e-06,3.4300411901353725e-18,2.0607638411520351e-19,2.0607638411520351e-19,0,1
127,5.2916666666666644e-10,32928,4.1159999999999979e-21,nan,nan,nan,0.0000000000000000e+00,7.1777549229286046e-06,1.7527099983319584e-05,1.2058628270520052e-19,3.0919559668000132e-06,3.0919559668000131e-18,1.8582951449521629e-19,1.8582951449521629e-19,0,1
128,5.3333333333333315e-10,32928,4.1159999999999979e-21,nan,nan,nan,0.0000000000000000e+00,6.3740594633950321e-06,1.6185923867639185e-05,1.0708419898503651e-19,2.7457486919240134e-06,2.7457486919240136e-18,1.6511427159157108e-19,1.6511427159157108e-19,0,1
129,5.3749999999999985e-10,32928,4.1159999999999979e-21,nan,nan,nan,0.0000000000000000e+00,5.5557571909133863e-06,1.4794915809763442e-05,9.3336720807344861e-20,2.3932492514703814e-06,2.3932492514703812e-18,1.4403061993858481e-19,1.4403061993858481e-19,0,1
130,5.4166666666666645e-10,32928,4.1159999999999979e-21,nan,nan,nan,0.0000000000000000e+00,4.7270808360184674e-06,1.3361227829416462e-05,7.9414958045110221e-20,2.0362809755156470e-06,2.0362809755156470e-18,1.2267843828143034e-19,1.2267843828143034e-19,0,1
131,5.4583333333333315e-10,32928,4.1159999999999979e-21,nan,nan,nan,0.0000000000000000e+00,3.8922243220274410e-06,1.1892099021113517e-05,6.5389368610060981e-20,1.6766504771810510e-06,1.6766504771810510e-18,1.0115736412715105e-19,1.0115736412715105e-19,0,1
132,5.4999999999999976e-10,32928,4.1159999999999979e-21,nan,nan,nan,0.0000000000000000e+00,3.0553203711910831e-06,1.0394831913812094e-05,5.1329382236010184e-20,1.3161380060515432e-06,1.3161380060515433e-18,7.9566561805747486e-20,7.9566561805747486e-20,0,1
133,5.5416666666666646e-10,32928,4.1159999999999979e-21,nan,nan,nan,0.0000000000000000e+00,2.2204195002661491e-06,8.8767700111000236e-06,3.7303047604471290e-20,9.5648840011464859e-07,9.5648840011464856e-19,5.8004483705615881e-20,5.8004483705615881e-20,0,1
134,5.5833333333333316e-10,32928,4.1159999999999979e-21,nan,nan,nan,0.0000000000000000e+00,1.3914705726661339e-06,7.3452686774469568e-06,2.3376705620791040e-20,5.9940270822541136e-07,5.9940270822541140e-19,3.6568550600370643e-20,3.6568550600370643e-20,0,1
135,5.6249999999999976e-10,32928,4.1159999999999979e-21,nan,nan,nan,0.0000000000000000e+00,5.7230294236601838e-07,5.8076668571230957e-06,9.6146894317491046e-21,2.4653049824997703e-07,2.4653049824997702e-19,1.5354815757532821e-20,1.5354815757532821e-20,0,1
136,5.6666666666666647e-10,32928,4.1159999999999979e-21,nan,nan,nan,0.0000000000000000e+00,-2.3338969072472302e-07,4.9211916486061323e-06,-3.9209468041753451e-21,-1.0053709754295757e-07,-1.0053709754295757e-19,-5.5424426421064076e-21,-5.5424426421064076e-21,0,1
137,5.7083333333333317e-10,32928,4.1159999999999979e-21,nan,nan,nan,0.0000000000000000e+00,-1.0220637767280587e-06,5.8124567139526984e-06,-1.7170671449031378e-20,-4.4027362689824047e-07,-4.4027362689824051e-19,-2.6031140982269800e-20,-2.6031140982269800e-20,0,1
138,5.7499999999999977e-10,32928,4.1159999999999979e-21,nan,nan,nan,0.0000000000000000e+00,-1.7903387631371265e-06,6.6605743493362317e-06,-3.0077691220703716e-20,-7.7122285181291585e-07,-7.7122285181291588e-19,-4.6021865346679355e-20,-4.6021865346679355e-20,0,1
139,5.7916666666666648e-10,32928,4.1159999999999979e-21,nan,nan,nan,0.0000000000000000e+00,-2.5350083622253437e-06,7.4622379035059220e-06,-4.2588140485385757e-20,-1.0920036021893784e-06,-1.0920036021893784e-18,-6.5428343332756026e-20,-6.5428343332756026e-20,0,1
140,5.8333333333333318e-10,32928,4.1159999999999979e-21,nan,nan,nan,0.0000000000000000e+00,-3.2530503318584257e-06,8.2143721511994525e-06,-5.4651245575221537e-20,-1.4013139891082445e-06,-1.4013139891082444e-18,-8.4167947138078020e-20,-8.4167947138078020e-20,0,1
141,5.8749999999999978e-10,32928,4.1159999999999979e-21,nan,nan,nan,0.0000000000000000e+00,-3.9416348755305756e-06,8.9689830700363028e-06,-6.6219465908913658e-20,-1.6979350233054786e-06,-1.6979350233054786e-18,-1.0216217350091751e-19,-1.0216217350091751e-19,0,1
142,5.9166666666666648e-10,32928,4.1159999999999979e-21,nan,nan,nan,0.0000000000000000e+00,-4.5981317850656244e-06,9.9703499228597390e-06,-7.7248613989102461e-20,-1.9807336920282682e-06,-1.9807336920282683e-18,-1.1933713057744010e-19,-1.1933713057744010e-19,0,1
143,5.9583333333333309e-10,32928,4.1159999999999979e-21,nan,nan,nan,0.0000000000000000e+00,-5.2201164215573320e-06,1.0905941690399993e-05,-8.7697955882163149e-20,-2.2486655354400808e-06,-2.2486655354400809e-18,-1.3562397572041292e-19,-1.3562397572041292e-19,0,1
144,5.9999999999999979e-10,32928,4.1159999999999979e-21,nan,nan,nan,0.0000000000000000e+00,-5.8053746713133197e-06,1.1772346934851151e-05,-9.7530294478063727e-20,-2.5007767814888136e-06,-2.5007767814888136e-18,-1.5095934096107714e-19,-1.5095934096107714e-19,0,1
145,6.0416666666666649e-10,32928,4.1159999999999979e-21,nan,nan,nan,0.0000000000000000e+00,-6.3519069719459995e-06,1.2566550281793337e-05,-1.0671203712869275e-19,-2.7362060802228910e-06,-2.7362060802228911e-18,-1.6528568895552804e-19,-1.6528568895552804e-19,0,1
146,6.0833333333333309e-10,32928,4.1159999999999979e-21,nan,nan,nan,0.0000000000000000e+00,-6.8579314986801689e-06,1.3285951293870179e-05,-1.1521324917782679e-19,-2.9541858763545333e-06,-2.9541858763545337e-18,-1.7855163745406692e-19,-1.7855163745406692e-19,0,1
147,6.1249999999999980e-10,32928,4.1159999999999979e-21,nan,nan,nan,0.0000000000000000e+00,-7.3218865888557457e-06,1.3928378619200297e-05,-1.2300769469277645e-19,-3.1540434536609349e-06,-3.1540434536609348e-18,-1.9071220297294587e-19,-1.9071220297294587e-19,0,1
148,6.1666666666666640e-10,32928,4.1159999999999979e-21,nan,nan,nan,0.0000000000000000e+00,-7.7424324698887931e-06,1.4492100613335569e-05,-1.3007286549413168e-19,-3.3352016793367101e-06,-3.3352016793367102e-18,-2.0172900201563348e-19,-2.0172900201563348e-19,0,1
149,6.2083333333333310e-10,32928,4.1159999999999979e-21,nan,nan,nan,0.0000000000000000e+00,-8.1184523041397148e-06,1.5119351874165912e-05,-1.3638999870954715e-19,-3.4971794540909527e-06,-3.4971794540909525e-18,-2.1157036289448203e-19,-2.1157036289448203e-19,0,1
150,6.2499999999999981e-10,32928,4.1159999999999979e-21,nan,nan,nan,0.0000000000000000e+00,-8.4490526032606619e-06,1.5734320290142938e-05,-1.4194408373477907e-19,-3.6395918906353610e-06,-3.6395918906353612e-18,-2.2021139771758960e-19,-2.2021139771758960e-19,0,1
151,6.2916666666666641e-10,32928,4.1159999999999979e-21,nan,nan,nan,0.0000000000000000e+00,-8.7335629818328062e-06,1.6262378042243944e-05,-1.4672385809479109e-19,-3.7621502075587462e-06,-3.7621502075587463e-18,-2.2763398393689865e-19,-2.2763398393689865e-19,0,1
152,6.3333333333333311e-10,32928,4.1159999999999979e-21,nan,nan,nan,0.0000000000000000e+00,-8.9715352630765677e-06,1.6702693351388196e-05,-1.5072179241968629e-19,-3.8646613440945204e-06,-3.8646613440945206e-18,-2.3382670918787426e-19,-2.3382670918787426e-19,0,1
153,6.3749999999999981e-10,32928,4.1159999999999979e-21,nan,nan,nan,0.0000000000000000e+00,-9.1627419012976489e-06,1.7054902719464043e-05,-1.5393406394180047e-19,-3.9470272805589870e-06,-3.9470272805589870e-18,-2.3878473925290118e-19,-2.3878473925290118e-19,0,1
154,6.4166666666666642e-10,32928,4.1159999999999979e-21,nan,nan,nan,0.0000000000000000e+00,-9.3071736728667822e-06,1.7319100189771459e-05,-1.5636051770416187e-19,-4.0092440436964587e-06,-4.0092440436964588e-18,-2.4250965452544482e-19,-2.4250965452544482e-19,0,1
155,6.4583333333333312e-10,32928,4.1159999999999979e-21,nan,nan,nan,0.0000000000000000e+00,-9.4050366276980116e-06,1.7495823250890257e-05,-1.5800461534532653e-19,-4.0514003934699109e-06,-4.0514003934699111e-18,-2.4500922284064354e-19,-2.4500922284064354e-19,0,1
156,6.4999999999999982e-10,32928,4.1159999999999979e-21,nan,nan,nan,0.0000000000000000e+00,-9.4567482324168724e-06,1.7674014252445070e-05,-1.5887337030460340e-19,-4.0736761616564978e-06,-4.0736761616564978e-18,-2.4629715677168380e-19,-2.4629715677168380e-19,0,1
157,6.5416666666666642e-10,32928,4.1159999999999979e-21,nan,nan,nan,0.0000000000000000e+00,-9.4629326954884561e-06,1.7813180300550945e-05,-1.5897726928420599e-19,-4.0763402380565639e-06,-4.0763402380565639e-18,-2.4639282142354077e-19,-2.4639282142354077e-19,0,1
158,6.5833333333333313e-10,32928,4.1159999999999979e-21,nan,nan,nan,0.0000000000000000e+00,-9.4244154126403471e-06,1.7865365766688085e-05,-1.5833017893235777e-19,-4.0597481777527633e-06,-4.0597481777527633e-18,-2.4532093699978649e-19,-2.4532093699978649e-19,0,1
159,6.6249999999999973e-10,32928,4.1159999999999979e-21,nan,nan,nan,0.0000000000000000e+00,-9.3422165403938529e-06,1.7832131543017393e-05,-1.5694923787861670e-19,-4.0243394327850442e-06,-4.0243394327850436e-18,-2.4311124948380087e-19,-2.4311124948380087e-19,0,1
160,6.6666666666666643e-10,32928,4.1159999999999979e-21,nan,nan,nan,0.0000000000000000e+00,-9.2175436626624759e-06,1.7715408370295179e-05,-1.5485473353272953e-19,-3.9706341931469115e-06,-3.9706341931469118e-18,-2.3979820716418614e-19,-2.3979820716418614e-19,0,1
161,6.7083333333333314e-10,32928,4.1159999999999979e-21,nan,nan,nan,0.0000000000000000e+00,-9.0517835776397059e-06,1.7538173945978790e-05,-1.5206996410434699e-19,-3.8992298488294101e-06,-3.8992298488294099e-18,-2.3542061944102827e-19,-2.3542061944102827e-19,0,1
162,6.7499999999999974e-10,32928,4.1159999999999979e-21,nan,nan,nan,0.0000000000000000e+00,-8.8464931907779489e-06,1.7346283382510122e-05,-1.4862108560506949e-19,-3.8107970667966537e-06,-3.8107970667966536e-18,-2.3002132572630283e-19,-2.3002132572630283e-19,0,1
163,6.7916666666666644e-10,32928,4.1159999999999979e-21,nan,nan,nan,0.0000000000000000e+00,-8.6033895999154060e-06,1.7076565015623542e-05,-1.4453694527857875e-19,-3.7060755199635578e-06,-3.7060755199635576e-18,-2.2364685951703731e-19,-2.2364685951703731e-19,0,1
164,6.8333333333333304e-10,32928,4.1159999999999979e-21,nan,nan,nan,0.0000000000000000e+00,-8.3243393509800577e-06,1.6732410528528488e-05,-1.3984890109646492e-19,-3.5858692588837162e-06,-3.5858692588837166e-18,-2.1634712734989106e-19,-2.1634712734989106e-19,0,1
165,6.8749999999999975e-10,32928,4.1159999999999979e-21,nan,nan,nan,0.0000000000000000e+00,-8.0113469845973285e-06,1.6357935521333543e-05,-1.3459062934123507e-19,-3.4510417779803867e-06,-3.4510417779803871e-18,-2.0817508650785423e-19,-2.0817508650785423e-19,0,1
166,6.9166666666666645e-10,32928,4.1159999999999979e-21,nan,nan,nan,0.0000000000000000e+00,-7.6665429183676346e-06,1.5913938455703313e-05,-1.2879792102857620e-19,-3.3025107956045181e-06,-3.3025107956045182e-18,-1.9918644049939844e-19,-1.9918644049939844e-19,0,1
167,6.9583333333333305e-10,32928,4.1159999999999979e-21,nan,nan,nan,0.0000000000000000e+00,-7.2921707658210078e-06,1.5403857581322482e-05,-1.2250846886579288e-19,-3.1412427914305871e-06,-3.1412427914305871e-18,-1.8943933275681189e-19,-1.8943933275681189e-19,0,1
168,6.9999999999999975e-10,32928,4.1159999999999979e-21,nan,nan,nan,0.0000000000000000e+00,-6.8905741828706002e-06,1.4831359850117688e-05,-1.1576164627222602e-19,-2.9682473403134882e-06,-2.9682473403134882e-18,-1.7899406076266865e-19,-1.7899406076266865e-19,0,1
169,7.0416666666666646e-10,32928,4.1159999999999979e-21,nan,nan,nan,0.0000000000000000e+00,-6.4641833329718864e-06,1.4200321220901122e-05,-1.0859827999392764e-19,-2.7845712818955810e-06,-2.7845712818955812e-18,-1.6791278273333108e-19,-1.6791278273333108e-19,0,1
170,7.0833333333333306e-10,32928,4.1159999999999979e-21,nan,nan,nan,0.0000000000000000e+00,-6.0155011071961586e-06,1.3514807348891474e-05,-1.0106041860089543e-19,-2.5912927846383445e-06,-2.5912927846383445e-18,-1.5625924424652000e-19,-1.5625924424652000e-19,0,1
171,7.1249999999999976e-10,32928,4.1159999999999979e-21,nan,nan,nan,0.0000000000000000e+00,-5.5470891686053637e-06,1.2779053087296187e-05,-9.3191098032570074e-20,-2.3895153341684635e-06,-2.3895153341684635e-18,-1.4409849408195293e-19,-1.4409849408195293e-19,0,1
172,7.1666666666666647e-10,32928,4.1159999999999979e-21,nan,nan,nan,0.0000000000000000e+00,-5.0615539669557827e-06,1.1997442750673442e-05,-8.5034106644857118e-20,-2.1803617088424902e-06,-2.1803617088424901e-18,-1.3149661715496494e-19,-1.3149661715496494e-19,0,1
173,7.2083333333333307e-10,32928,4.1159999999999979e-21,nan,nan,nan,0.0000000000000000e+00,-4.5615327980742382e-06,1.1174489475076514e-05,-7.6633751007647166e-20,-1.9649679745550555e-06,-1.9649679745550555e-18,-1.1852045258204298e-19,-1.1852045258204298e-19,0,1
174,7.2499999999999977e-10,32928,4.1159999999999979e-21,nan,nan,nan,0.0000000000000000e+00,-4.0496800267514221e-06,1.0314814540396864e-05,-6.8034624449423877e-20,-1.7444775499852278e-06,-1.7444775499852280e-18,-1.0523732426965916e-19,-1.0523732426965916e-19,0,1
175,7.2916666666666637e-10,32928,4.1159999999999979e-21,nan,nan,nan,0.0000000000000000e+00,-3.5286535595209202e-06,9.4231257807587022e-06,-5.9281379799951445e-20,-1.5200353794859345e-06,-1.5200353794859344e-18,-9.1714759792478248e-20,-9.1714759792478248e-20,0,1
176,7.3333333333333308e-10,32928,4.1159999999999979e-21,nan,nan,nan,0.0000000000000000e+00,-3.0011016564874730e-06,8.5041967924966832e-06,-5.0418507828989522e-20,-1.2927822520253724e-06,-1.2927822520253724e-18,-7.8020216217121227e-20,-7.8020216217121227e-20,0,1
177,7.3749999999999978e-10,32928,4.1159999999999979e-21,nan,nan,nan,0.0000000000000000e+00,-2.4696501294775772e-06,7.5628443152121358e-06,-4.1490122175223281e-20,-1.0638492865441868e-06,-1.0638492865441868e-18,-6.4220793109511721e-20,-6.4220793109511721e-20,0,1
178,7.4166666666666638e-10,32928,4.1159999999999979e-21,nan,nan,nan,0.0000000000000000e+00,-1.9368900489153931e-06,6.6039067822641750e-06,-3.2539752821778593e-20,-8.3435263645586142e-07,-8.3435263645586145e-19,-5.0382953269376681e-20,-5.0382953269376681e-20,0,1
179,7.4583333333333308e-10,32928,4.1159999999999979e-21,nan,nan,nan,0.0000000000000000e+00,-1.4053659612419384e-06,5.6322214427738905e-06,-2.3610148148864556e-20,-6.0538841407345021e-07,-6.0538841407345031e-19,-3.6572234654015941e-20,-3.6572234654015941e-20,0,1
180,7.4999999999999968e-10,32928,4.1159999999999979e-21,nan,nan,nan,0.0000000000000000e+00,-8.7756469066279216e-07,4.6526024865299996e-06,-1.4743086803134905e-20,-3.7802786674704885e-07,-3.7802786674704886e-19,-2.2852970553250414e-20,-2.2852970553250414e-20,0,1
181,7.5416666666666639e-10,32928,4.1159999999999979e-21,nan,nan,nan,0.0000000000000000e+00,-3.5590475254387719e-07,3.6698181807960207e-06,-5.9791998427371341e-21,-1.5331281648043935e-07,-1.5331281648043937e-19,-9.2880020016906925e-21,-9.2880020016906925e-21,0,1
182,7.5833333333333309e-10,32928,4.1159999999999979e-21,nan,nan,nan,0.0000000000000000e+00,1.5727359868061981e-07,3.1681701976175901e-06,2.6421964578344117e-21,6.7748627123959278e-08,6.7748627123959281e-20,4.0615941148824332e-21,4.0615941148824332e-21,0,1
183,7.6249999999999969e-10,32928,4.1159999999999979e-21,nan,nan,nan,0.0000000000000000e+00,6.5971765160040203e-07,3.7367407623653215e-06,1.1083256546886750e-20,2.8418606530478847e-07,2.8418606530478846e-19,1.7136782628596271e-20,1.7136782628596271e-20,0,1
184,7.6666666666666640e-10,32928,4.1159999999999979e-21,nan,nan,nan,0.0000000000000000e+00,1.1492708437096954e-06,4.2768767020579261e-06,1.9307750174322876e-20,4.9507051729033020e-07,4.9507051729033019e-19,2.9880827292633668e-20,2.9880827292633668e-20,0,1
185,7.7083333333333310e-10,32928,4.1159999999999979e-21,nan,nan,nan,0.0000000000000000e+00,1.6238807022554432e-06,4.7865425745103072e-06,2.7281195797891437e-20,6.9951784097157533e-07,6.9951784097157529e-19,4.2239545479717958e-20,4.2239545479717958e-20,0,1
186,7.7499999999999970e-10,32928,4.1159999999999979e-21,nan,nan,nan,0.0000000000000000e+00,2.0816060888612565e-06,5.2638814725018944e-06,3.4970982292869100e-20,8.9669185366331035e-07,8.9669185366331041e-19,5.4161542687860589e-20,5.4161542687860589e-20,0,1
187,7.7916666666666641e-10,32928,4.1159999999999979e-21,nan,nan,nan,0.0000000000000000e+00,2.5206237671237655e-06,5.7491912868898012e-06,4.2346479287679246e-20,1.0858071612225449e-06,1.0858071612225449e-18,6.5598434522792328e-20,6.5598434522792328e-20,0,1
188,7.8333333333333311e-10,32928,4.1159999999999979e-21,nan,nan,nan,0.0000000000000000e+00,2.9392342892514425e-06,6.3845917782720283e-06,4.9379136059424211e-20,1.2661316938313901e-06,1.2661316938313901e-18,7.6505045627726208e-20,7.6505045627726208e-20,0,1
189,7.8749999999999971e-10,32928,4.1159999999999979e-21,nan,nan,nan,0.0000000000000000e+00,3.3358672096962950e-06,6.9775912646968730e-06,5.6042569122897730e-20,1.4369889518691727e-06,1.4369889518691727e-18,8.6839593922645314e-20,8.6839593922645314e-20,0,1
190,7.9166666666666641e-10,32928,4.1159999999999979e-21,nan,nan,nan,0.0000000000000000e+00,3.7090856200507421e-06,7.5261710128354391e-06,6.2312638416852445e-20,1.5977599594064730e-06,1.5977599594064729e-18,9.6563845080736520e-20,9.6563845080736520e-20,0,1
191,7.9583333333333301e-10,32928,4.1159999999999979e-21,nan,nan,nan,0.0000000000000000e+00,4.0575900290130799e-06,8.0285652018646131e-06,6.8167512487419723e-20,1.7478849355748649e-06,1.7478849355748648e-18,1.0564324855735361e-19,1.0564324855735361e-19,0,1
192,7.9999999999999972e-10,32928,4.1159999999999979e-21,nan,nan,nan,0.0000000000000000e+00,4.3802215866930959e-06,8.4832657381343087e-06,7.3587722656443982e-20,1.8868646834985638e-06,1.8868646834985637e-18,1.1404704808829550e-19,1.1404704808829550e-19,0,1
193,8.0416666666666642e-10,32928,4.1159999999999979e-21,nan,nan,nan,0.0000000000000000e+00,4.6759646379056503e-06,8.8890252860763325e-06,7.8556205916814904e-20,2.0142616901747413e-06,2.0142616901747414e-18,1.2174836534732910e-19,1.2174836534732910e-19,0,1
194,8.0833333333333302e-10,32928,4.1159999999999979e-21,nan,nan,nan,0.0000000000000000e+00,4.9439486208709396e-06,9.2448589812925605e-06,8.3058336830631751e-20,2.1297009443751731e-06,2.1297009443751733e-18,1.2872425918769222e-19,1.2872425918769222e-19,0,1
195,8.1249999999999973e-10,32928,4.1159999999999979e-21,nan,nan,nan,0.0000000000000000e+00,5.1834493367572352e-06,9.6458300269460701e-06,8.7081948857521518e-20,2.2328704835261930e-06,2.2328704835261927e-18,1.3495576051641796e-19,1.3495576051641796e-19,0,1
196,8.1666666666666633e-10,32928,4.1159999999999979e-21,nan,nan,nan,0.0000000000000000e+00,5.3938895580248076e-06,1.0035140511111430e-05,9.0617344574816747e-20,2.3235216557645321e-06,2.3235216557645323e-18,1.4042788249061838e-19,1.4042788249061838e-19,0,1
197,8.2083333333333303e-10,32928,4.1159999999999979e-21,nan,nan,nan,0.0000000000000000e+00,5.5748389934426474e-06,1.0369440228990426e-05,9.3657295089836436e-20,2.4014691048676010e-06,2.4014691048676012e-18,1.4512960699053461e-19,1.4512960699053461e-19,0,1
198,8.2499999999999974e-10,32928,4.1159999999999979e-21,nan,nan,nan,0.0000000000000000e+00,5.7260136113611675e-06,1.0648225601922078e-05,9.6197028670867572e-20,2.4665904787401944e-06,2.4665904787401944e-18,1.4905384781341772e-19,1.4905384781341772e-19,0,1
199,8.2916666666666634e-10,32928,4.1159999999999979e-21,nan,nan,nan,0.0000000000000000e+00,5.8472743347039693e-06,1.0871269944568258e-05,9.8234208823026634e-20,2.5188258672570934e-06,2.5188258672570936e-18,1.5219739660566469e-19,1.5219739660566469e-19,0,1
